'country_name',year,'ladder_score',upperwhisker,lowerwhisker,'log_gdp_per_capita','social_support','healthy_life_expectancy','freedom_to_make_life_choices','generosity','perceptions_of_corruption'
Afghanistan,2023,1.721,1.775,1.667,0.628,0,0.242,0,0.091,0.088
Afghanistan,2022,1.859,1.923,1.795,0.645,0,0.087,0,0.093,0.059
Afghanistan,2021,2.404,2.469,2.339,0.758,0,0.289,0,0.089,0.005
Afghanistan,2020,2.523,2.596,2.449,0.37,0,0.126,0,0.122,0.01
Afghanistan,2019,2.567,2.628,2.506,0.301,0.356,0.266,0,0.135,0.001
Albania,2023,5.304,5.44,5.168,1.438,0.924,0.638,0.69,0.138,0.049
Albania,2022,5.277,5.406,5.148,1.449,0.951,0.48,0.549,0.133,0.037
Albania,2021,5.199,5.321,5.076,1.439,0.646,0.719,0.511,0.138,0.028
Albania,2020,5.117,5.234,5.001,1.008,0.529,0.646,0.491,0.168,0.024
Albania,2019,4.883,4.993,4.773,0.907,0.83,0.846,0.462,0.171,0.025
Algeria,2023,5.364,5.476,5.251,1.324,1.191,0.568,0.247,0.091,0.2
Algeria,2022,5.329,5.451,5.207,1.353,1.298,0.409,0.252,0.073,0.152
Algeria,2021,5.122,5.215,5.03,1.363,0.97,0.643,0.146,0.106,0.15
Algeria,2020,4.887,4.991,4.783,0.946,0.765,0.552,0.119,0.144,0.12
Algeria,2019,5.005,5.092,4.918,0.944,1.143,0.745,0.084,0.119,0.129
Argentina,2023,6.188,6.306,6.07,1.562,1.381,0.585,0.681,0.087,0.08
Argentina,2022,6.024,6.147,5.9,1.59,1.388,0.427,0.587,0.088,0.082
Argentina,2021,5.967,6.09,5.844,1.592,1.102,0.662,0.555,0.081,0.085
Argentina,2020,5.929,6.04,5.819,1.162,0.98,0.646,0.544,0.069,0.067
Argentina,2019,5.975,6.079,5.87,1.028,1.373,0.85,0.521,0.07,0.06
Armenia,2023,5.455,5.56,5.35,1.444,1.154,0.603,0.65,0.051,0.173
Armenia,2022,5.342,5.47,5.213,1.466,1.134,0.443,0.551,0.053,0.16
Armenia,2021,5.399,5.519,5.278,1.434,0.82,0.668,0.558,0.054,0.21
Armenia,2020,5.283,5.397,5.168,0.996,0.758,0.585,0.54,0.079,0.198
Armenia,2019,4.677,4.792,4.562,0.808,1.035,0.776,0.378,0.107,0.105
Australia,2023,7.057,7.141,6.973,1.854,1.461,0.692,0.756,0.225,0.323
Australia,2022,7.095,7.18,7.009,1.899,1.497,0.532,0.677,0.242,0.31
Australia,2021,7.162,7.244,7.081,1.9,1.203,0.772,0.676,0.258,0.341
Australia,2020,7.183,7.265,7.102,1.453,1.076,0.801,0.647,0.291,0.317
Australia,2019,7.223,7.305,7.141,1.31,1.477,1.023,0.622,0.325,0.336
Austria,2023,6.905,6.986,6.824,1.885,1.336,0.696,0.703,0.214,0.305
Austria,2022,7.097,7.176,7.018,1.927,1.382,0.535,0.63,0.191,0.31
Austria,2021,7.163,7.237,7.089,1.931,1.165,0.774,0.623,0.193,0.329
Austria,2020,7.268,7.337,7.198,1.492,1.062,0.782,0.64,0.215,0.292
Austria,2019,7.294,7.36,7.229,1.317,1.437,1.001,0.603,0.256,0.281
Azerbaijan,2023,4.893,5.018,4.768,1.433,0.876,0.496,0.668,0.112,0.199
Azerbaijan,2021,5.173,5.265,5.082,1.458,1.093,0.56,0.601,0.023,0.341
Azerbaijan,2020,5.171,5.25,5.091,1.025,0.841,0.541,0.526,0.043,0.276
Azerbaijan,2019,5.165,5.232,5.098,0.99,1.181,0.731,0.468,0.04,0.247
Bahrain,2023,5.959,6.153,5.766,?,?,?,?,?,?
Bahrain,2022,6.173,6.369,5.977,1.883,1.269,0.389,0.748,0.199,0.138
Bahrain,2021,6.647,6.779,6.514,1.854,1.029,0.625,0.693,0.199,0.155
Bahrain,2020,6.647,6.779,6.514,1.409,0.899,0.662,0.661,0.246,0.139
Bahrain,2019,6.227,6.388,6.067,1.297,1.315,0.839,0.61,0.287,0.127
Bangladesh,2023,3.886,3.994,3.778,1.122,0.249,0.513,0.775,0.14,0.167
Bangladesh,2022,4.282,4.416,4.148,1.133,0.513,0.355,0.617,0.139,0.165
Bangladesh,2021,5.155,5.262,5.049,1.06,0.614,0.581,0.622,0.125,0.187
Bangladesh,2020,5.025,5.115,4.934,0.635,0.52,0.514,0.603,0.161,0.164
Bangladesh,2019,4.833,4.911,4.754,0.556,0.869,0.695,0.604,0.177,0.177
Belarus,2021,5.821,5.95,5.693,1.562,1.157,0.629,0.342,0.04,0.282
Belarus,2020,5.534,5.625,5.442,1.124,1.007,0.56,0.326,0.07,0.199
Belarus,2019,5.54,5.613,5.467,1.019,1.387,0.753,0.291,0.09,0.194
Belgium,2023,6.894,6.961,6.827,1.868,1.44,0.69,0.729,0.17,0.311
Belgium,2022,6.859,6.926,6.793,1.907,1.449,0.528,0.59,0.137,0.273
Belgium,2021,6.805,6.89,6.72,1.907,1.106,0.764,0.492,0.049,0.204
Belgium,2020,6.834,6.901,6.767,1.463,0.998,0.747,0.489,0.088,0.187
Belgium,2019,6.864,6.931,6.796,1.296,1.399,0.965,0.5,0.147,0.209
Benin,2023,4.377,4.51,4.245,0.914,0.128,0.284,0.567,0.112,0.252
Benin,2022,4.374,4.504,4.244,0.924,0.242,0.124,0.481,0.114,0.253
Benin,2021,4.623,4.754,4.492,0.932,0.064,0.335,0.479,0.127,0.23
Benin,2020,5.045,5.189,4.901,0.507,0.058,0.196,0.457,0.166,0.178
Benin,2019,5.216,5.368,5.064,0.366,0.352,0.328,0.406,0.197,0.126
Bolivia,2023,5.784,5.895,5.674,1.217,1.179,0.488,0.719,0.1,0.061
Bolivia,2022,5.684,5.797,5.572,1.24,1.187,0.329,0.648,0.103,0.06
Bolivia,2021,5.6,5.709,5.491,1.256,0.88,0.555,0.627,0.112,0.064
Bolivia,2020,5.716,5.819,5.613,0.842,0.782,0.486,0.6,0.138,0.064
Bolivia,2019,5.747,5.847,5.648,0.731,1.142,0.662,0.574,0.138,0.073
'Bosnia and Herzegovina',2023,5.877,5.979,5.775,1.465,1.318,0.587,0.621,0.246,0
'Bosnia and Herzegovina',2022,5.633,5.775,5.49,1.467,1.361,0.429,0.485,0.247,0.008
'Bosnia and Herzegovina',2021,5.768,5.877,5.659,1.468,1.068,0.665,0.448,0.244,0.006
'Bosnia and Herzegovina',2020,5.813,5.911,5.715,1.032,0.919,0.618,0.395,0.261,0.005
'Bosnia and Herzegovina',2019,5.674,5.765,5.583,0.918,1.204,0.814,0.305,0.264,0.001
Botswana,2023,3.383,3.558,3.209,1.445,0.969,0.241,0.567,0.014,0.082
Botswana,2022,3.435,3.702,3.168,1.471,1.041,0.087,0.48,0.021,0.071
Botswana,2021,3.471,3.667,3.275,1.503,0.815,0.28,0.571,0.012,0.102
Botswana,2020,3.467,3.611,3.322,1.099,0.724,0.34,0.539,0.027,0.088
Botswana,2019,3.479,3.598,3.36,0.998,1.086,0.494,0.509,0.033,0.102
Brazil,2023,6.272,6.39,6.154,1.43,1.269,0.548,0.685,0.13,0.142
Brazil,2022,6.125,6.252,5.997,1.454,1.25,0.387,0.558,0.131,0.137
Brazil,2021,6.293,6.384,6.202,1.462,1.044,0.615,0.546,0.131,0.134
Brazil,2020,6.33,6.415,6.245,1.028,0.944,0.571,0.514,0.142,0.117
Brazil,2019,6.376,6.456,6.296,0.953,1.363,0.766,0.483,0.132,0.107
Bulgaria,2023,5.463,5.569,5.357,1.629,1.469,0.567,0.62,0.083,0.006
Bulgaria,2022,5.466,5.582,5.35,1.635,1.457,0.408,0.557,0.106,0.013
Bulgaria,2021,5.371,5.485,5.257,1.625,1.163,0.64,0.563,0.123,0.021
Bulgaria,2020,5.266,5.371,5.16,1.181,1.055,0.583,0.494,0.125,0.005
Bulgaria,2019,5.102,5.188,5.015,1.047,1.461,0.778,0.418,0.104,0
'Burkina Faso',2023,4.548,4.686,4.41,0.756,0.685,0.274,0.483,0.173,0.179
'Burkina Faso',2022,4.638,4.819,4.456,0.768,0.814,0.107,0.419,0.188,0.113
'Burkina Faso',2021,4.67,4.814,4.527,0.779,0.565,0.32,0.382,0.186,0.126
'Burkina Faso',2020,4.834,4.993,4.675,0.364,0.472,0.179,0.381,0.182,0.122
'Burkina Faso',2019,4.769,4.89,4.647,0.302,0.929,0.313,0.322,0.186,0.126
Burundi,2020,3.775,3.985,3.565,0,0.062,0.155,0.298,0.172,0.212
Burundi,2019,3.775,3.985,3.565,0,0.404,0.295,0.275,0.187,0.212
Cambodia,2023,4.341,4.446,4.236,1.011,1.019,0.442,0.863,0.17,0.071
Cambodia,2022,4.393,4.508,4.279,1.025,1.024,0.283,0.768,0.176,0.051
Cambodia,2021,4.64,4.765,4.516,1.019,0.732,0.505,0.74,0.166,0.068
Cambodia,2020,4.83,4.963,4.698,0.603,0.68,0.426,0.702,0.21,0.061
Cambodia,2019,4.848,4.962,4.735,0.545,1.071,0.588,0.675,0.233,0.073
Cameroon,2023,4.874,4.996,4.753,0.943,0.856,0.288,0.521,0.126,0.06
Cameroon,2022,4.973,5.112,4.834,0.965,0.871,0.118,0.405,0.144,0.059
Cameroon,2021,5.048,5.188,4.907,0.968,0.672,0.317,0.397,0.152,0.074
Cameroon,2020,5.142,5.288,4.996,0.543,0.556,0.159,0.425,0.205,0.058
Cameroon,2019,5.085,5.217,4.953,0.504,0.9,0.27,0.439,0.198,0.054
Canada,2023,6.9,6.984,6.815,1.84,1.459,0.701,0.73,0.23,0.368
Canada,2022,6.961,7.042,6.879,1.881,1.484,0.541,0.656,0.218,0.364
Canada,2021,7.025,7.107,6.943,1.886,1.188,0.783,0.659,0.217,0.368
Canada,2020,7.103,7.185,7.021,1.447,1.044,0.798,0.648,0.246,0.335
Canada,2019,7.232,7.311,7.153,1.302,1.435,1.023,0.644,0.282,0.352
'Central African Republic',2019,3.476,3.702,3.25,0.041,0,0,0.293,0.254,0.028
Chad,2023,4.471,4.63,4.313,0.603,0.805,0.199,0.411,0.218,0.113
Chad,2022,4.397,4.633,4.16,0.622,0.962,0.043,0.393,0.255,0.088
Chad,2021,4.251,4.503,3.999,0.662,0.506,0.225,0.18,0.182,0.077
Chad,2020,4.355,4.54,4.171,0.255,0.353,0,0.24,0.215,0.084
Chad,2019,4.423,4.57,4.275,0.302,0.739,0.109,0.229,0.211,0.086
Chile,2023,6.36,6.448,6.273,1.616,1.369,0.673,0.651,0.117,0.075
Chile,2022,6.334,6.424,6.243,1.645,1.384,0.511,0.546,0.131,0.076
Chile,2021,6.172,6.262,6.082,1.651,1.08,0.748,0.46,0.124,0.069
Chile,2020,6.172,6.262,6.081,1.2,0.946,0.678,0.438,0.159,0.07
Chile,2019,6.228,6.318,6.139,1.097,1.323,0.889,0.417,0.156,0.063
China,2023,5.973,6.061,5.885,1.497,1.239,0.629,0.704,0.132,0.164
China,2022,5.818,5.905,5.731,1.51,1.249,0.468,0.666,0.115,0.145
China,2021,5.585,5.65,5.52,1.508,0.958,0.705,0.656,0.099,0.142
China,2020,5.339,5.397,5.281,1.061,0.785,0.665,0.636,0.093,0.117
China,2019,5.124,5.175,5.073,0.991,1.132,0.867,0.602,0.079,0.117
Colombia,2023,5.695,5.806,5.584,1.437,1.241,0.648,0.644,0.072,0.059
Colombia,2022,5.63,5.747,5.514,1.455,1.213,0.486,0.562,0.08,0.068
Colombia,2021,5.781,5.903,5.659,1.452,0.929,0.72,0.545,0.087,0.077
Colombia,2020,6.012,6.132,5.892,1.021,0.866,0.615,0.554,0.1,0.063
Colombia,2019,6.163,6.274,6.053,0.932,1.334,0.81,0.527,0.092,0.046
Comoros,2023,3.566,3.754,3.378,0.896,0.328,0.37,0.172,0.128,0.16
Comoros,2022,3.545,3.774,3.317,0.914,0.327,0.215,0.117,0.129,0.145
Comoros,2021,4.609,4.849,4.368,0.899,0.476,0.424,0.185,0.195,0.125
Comoros,2020,4.289,4.454,4.123,0.488,0.367,0.279,0.202,0.241,0.101
Comoros,2019,4.289,4.454,4.123,0.416,0.723,0.437,0.181,0.259,0.1
Congo,2023,5.221,5.396,5.047,0.892,0.622,0.306,0.523,0.124,0.138
Congo,2022,5.267,5.44,5.094,0.921,0.665,0.145,0.464,0.134,0.136
Congo,2021,5.075,5.235,4.915,0.95,0.405,0.355,0.431,0.13,0.146
Congo,2020,5.342,5.533,5.151,0.518,0.392,0.307,0.381,0.144,0.124
Congo,2019,5.194,5.345,5.043,0.634,0.758,0.458,0.387,0.117,0.119
'Costa Rica',2023,6.955,7.051,6.86,1.561,1.373,0.661,0.797,0.109,0.123
'Costa Rica',2022,6.609,6.71,6.507,1.587,1.34,0.503,0.683,0.099,0.116
'Costa Rica',2021,6.582,6.683,6.481,1.584,1.054,0.744,0.661,0.089,0.102
'Costa Rica',2020,7.069,7.179,6.96,1.134,0.966,0.722,0.673,0.105,0.083
'Costa Rica',2019,7.121,7.209,7.034,0.981,1.375,0.94,0.645,0.131,0.096
'C te d Ivoire',2023,5.08,5.224,4.936,1.08,0.578,0.288,0.547,0.12,0.164
'C te d Ivoire',2022,5.053,5.198,4.907,1.094,0.584,0.12,0.467,0.138,0.131
'C te d Ivoire',2021,5.235,5.384,5.085,1.094,0.442,0.322,0.451,0.149,0.124
'C te d Ivoire',2020,5.306,5.46,5.152,0.669,0.409,0.052,0.438,0.177,0.092
'C te d Ivoire',2019,5.233,5.377,5.09,0.537,0.8,0.155,0.397,0.17,0.093
Croatia,2023,5.942,6.047,5.837,1.71,1.445,0.637,0.469,0.064,0.043
Croatia,2022,6.125,6.237,6.013,1.727,1.455,0.475,0.5,0.087,0.003
Croatia,2021,6.125,6.229,6.022,1.705,1.183,0.709,0.535,0.109,0
Croatia,2020,5.882,5.975,5.788,1.251,1.039,0.703,0.453,0.111,0
Croatia,2019,5.505,5.579,5.431,1.109,1.311,0.901,0.381,0.114,0.012
Cyprus,2023,6.068,6.182,5.954,1.794,1.217,0.744,0.529,0.124,0.049
Cyprus,2022,6.13,6.236,6.024,1.824,1.224,0.58,0.455,0.104,0.05
Cyprus,2021,6.221,6.32,6.122,1.815,0.909,0.819,0.448,0.123,0.062
Cyprus,2020,6.223,6.319,6.128,1.377,0.765,0.801,0.464,0.178,0.061
Cyprus,2019,6.159,6.258,6.06,1.213,1.149,1.026,0.459,0.228,0.051
Czechia,2023,6.822,6.903,6.741,1.783,1.511,0.638,0.787,0.177,0.068
Czechia,2022,6.845,6.931,6.759,1.823,1.544,0.477,0.693,0.158,0.05
Czechia,2021,6.92,7.029,6.811,1.815,1.26,0.715,0.66,0.158,0.048
Czechia,2020,6.965,7.062,6.868,1.37,1.09,0.703,0.58,0.052,0.046
Czechia,2019,6.911,6.995,6.827,1.212,1.405,0.895,0.506,0.046,0.05
Denmark,2023,7.583,7.665,7.5,1.908,1.52,0.699,0.823,0.204,0.548
Denmark,2022,7.586,7.667,7.506,1.949,1.548,0.537,0.734,0.208,0.525
Denmark,2021,7.636,7.71,7.563,1.953,1.243,0.777,0.719,0.188,0.532
Denmark,2020,7.62,7.687,7.552,1.502,1.108,0.763,0.686,0.208,0.485
Denmark,2019,7.646,7.711,7.58,1.327,1.503,0.979,0.665,0.243,0.495
'Dominican Republic',2023,5.823,5.967,5.679,1.517,1.272,0.511,0.73,0.086,0.196
'Dominican Republic',2022,5.569,5.712,5.426,1.536,1.227,0.351,0.623,0.083,0.195
'Dominican Republic',2021,5.737,5.873,5.601,1.538,1.003,0.577,0.606,0.084,0.179
'Dominican Republic',2020,5.545,5.685,5.405,1.106,0.879,0.555,0.581,0.101,0.144
'Dominican Republic',2019,5.689,5.826,5.552,0.983,1.329,0.742,0.563,0.112,0.116
'DR Congo',2023,3.295,3.462,3.128,0.534,0.665,0.262,0.473,0.189,0.072
'DR Congo',2022,3.207,3.394,3.02,0.531,0.784,0.105,0.375,0.183,0.068
'DR Congo',2019,4.311,4.525,4.097,0.062,0.833,0.277,0.365,0.254,0.081
Ecuador,2023,5.725,5.85,5.599,1.315,1.151,0.64,0.606,0.087,0.078
Ecuador,2022,5.559,5.682,5.436,1.343,1.173,0.476,0.56,0.079,0.069
Ecuador,2021,5.533,5.653,5.414,1.352,0.879,0.708,0.565,0.08,0.083
Ecuador,2020,5.764,5.875,5.653,0.935,0.806,0.64,0.56,0.107,0.062
Ecuador,2019,5.925,6.029,5.822,0.853,1.221,0.839,0.555,0.115,0.087
Egypt,2023,3.977,4.066,3.887,1.37,0.996,0.488,0.49,0.025,0.259
Egypt,2022,4.17,4.287,4.054,1.377,0.972,0.326,0.467,0.038,0.25
Egypt,2021,4.288,4.377,4.198,1.388,0.732,0.548,0.469,0.041,0.254
Egypt,2020,4.283,4.371,4.195,0.954,0.647,0.426,0.446,0.069,0.092
Egypt,2019,4.151,4.222,4.081,0.875,0.983,0.597,0.374,0.069,0.095
'El Salvador',2023,6.469,6.599,6.338,1.265,1.08,0.549,0.816,0.083,0.253
'El Salvador',2022,6.122,6.257,5.986,1.278,1.044,0.383,0.713,0.079,0.222
'El Salvador',2021,6.12,6.25,5.99,1.265,0.768,0.607,0.666,0.089,0.212
'El Salvador',2020,6.061,6.188,5.933,0.845,0.675,0.565,0.615,0.116,0.16
'El Salvador',2019,6.348,6.462,6.234,0.749,1.149,0.753,0.524,0.119,0.117
Estonia,2023,6.448,6.524,6.371,1.752,1.527,0.657,0.805,0.166,0.401
Estonia,2022,6.455,6.534,6.377,1.798,1.526,0.494,0.728,0.153,0.372
Estonia,2021,6.341,6.415,6.266,1.793,1.232,0.728,0.689,0.123,0.333
Estonia,2020,6.189,6.263,6.115,1.344,1.079,0.64,0.641,0.119,0.263
Estonia,2019,6.022,6.092,5.951,1.192,1.453,0.843,0.577,0.125,0.202
Eswatini,2023,3.502,3.673,3.331,1.255,0.925,0.176,0.284,0.059,0.116
Eswatini,2021,4.396,4.607,4.185,1.274,0.786,0.197,0.259,0.038,0.154
Ethiopia,2023,3.861,3.997,3.725,0.792,0.915,0.42,0.441,0.27,0.101
Ethiopia,2022,4.091,4.273,3.908,0.793,1.114,0.25,0.451,0.283,0.101
Ethiopia,2021,4.241,4.365,4.118,0.788,0.809,0.457,0.472,0.205,0.136
Ethiopia,2020,4.275,4.374,4.175,0.37,0.679,0.331,0.451,0.241,0.114
Ethiopia,2019,4.186,4.262,4.11,0.315,1.001,0.484,0.413,0.228,0.117
Finland,2023,7.741,7.815,7.667,1.844,1.572,0.695,0.859,0.142,0.546
Finland,2022,7.804,7.875,7.733,1.888,1.585,0.535,0.772,0.126,0.535
Finland,2021,7.821,7.886,7.756,1.892,1.258,0.775,0.736,0.109,0.534
Finland,2020,7.842,7.904,7.78,1.446,1.106,0.741,0.691,0.124,0.481
Finland,2019,7.809,7.87,7.748,1.285,1.5,0.961,0.662,0.16,0.478
France,2023,6.609,6.685,6.533,1.818,1.348,0.727,0.65,0.112,0.281
France,2022,6.661,6.735,6.588,1.856,1.433,0.566,0.582,0.083,0.27
France,2021,6.687,6.758,6.615,1.863,1.219,0.808,0.567,0.07,0.266
France,2020,6.69,6.762,6.618,1.421,1.081,0.804,0.536,0.092,0.235
France,2019,6.664,6.737,6.59,1.268,1.459,1.03,0.514,0.113,0.227
Gabon,2023,5.106,5.243,4.969,1.403,1.038,0.344,0.516,0.045,0.1
Gabon,2022,5.035,5.175,4.894,1.438,1.021,0.183,0.346,0.036,0.102
Gabon,2021,4.958,5.091,4.826,1.459,0.738,0.396,0.343,0.032,0.099
Gabon,2020,4.852,4.998,4.706,1.037,0.707,0.362,0.424,0.058,0.064
Gabon,2019,4.829,4.947,4.711,0.988,1.106,0.523,0.369,0.052,0.056
Gambia,2023,4.485,4.625,4.344,0.75,0.684,0.33,0.459,0.324,0.048
Gambia,2022,4.279,4.484,4.075,0.761,0.614,0.174,0.286,0.332,0.033
Gambia,2021,5.164,5.409,4.918,0.785,0.621,0.369,0.367,0.388,0.103
Gambia,2020,5.051,5.225,4.877,0.367,0.511,0.21,0.384,0.465,0.123
Gambia,2019,4.751,4.882,4.619,0.257,0.883,0.353,0.403,0.426,0.158
Georgia,2023,5.185,5.283,5.087,1.467,0.99,0.524,0.68,0,0.174
Georgia,2022,5.109,5.219,5,1.477,0.947,0.366,0.539,0,0.201
Georgia,2021,4.973,5.079,4.867,1.467,0.612,0.595,0.508,0,0.208
Georgia,2020,4.891,4.998,4.785,1.03,0.47,0.498,0.488,0.032,0.181
Georgia,2019,4.673,4.758,4.588,0.847,0.731,0.695,0.485,0.048,0.174
Germany,2023,6.719,6.815,6.622,1.871,1.39,0.702,0.7,0.174,0.368
Germany,2022,6.892,6.989,6.795,1.919,1.401,0.539,0.618,0.153,0.365
Germany,2021,7.034,7.122,6.947,1.924,1.088,0.776,0.585,0.163,0.358
Germany,2020,7.155,7.232,7.077,1.48,0.993,0.757,0.6,0.195,0.306
Germany,2019,7.076,7.146,7.006,1.314,1.369,0.972,0.564,0.252,0.309
Ghana,2023,4.289,4.396,4.182,1.077,0.747,0.36,0.623,0.183,0.028
Ghana,2022,4.605,4.729,4.481,1.101,0.756,0.197,0.526,0.211,0.035
Ghana,2021,4.872,4.999,4.745,1.112,0.595,0.409,0.5,0.23,0.056
Ghana,2020,5.088,5.219,4.958,0.68,0.595,0.287,0.517,0.268,0.058
Ghana,2019,5.148,5.263,5.033,0.576,0.966,0.432,0.477,0.261,0.057
Greece,2023,5.934,6.027,5.84,1.684,1.276,0.696,0.337,0.018,0.093
Greece,2022,5.931,6.024,5.838,1.708,1.247,0.535,0.248,0.008,0.097
Greece,2021,5.948,6.043,5.853,1.703,0.98,0.774,0.249,0.015,0.108
Greece,2020,5.723,5.813,5.632,1.273,0.811,0.76,0.243,0,0.074
Greece,2019,5.515,5.607,5.423,1.128,1.169,0.979,0.174,0,0.049
Guatemala,2023,6.287,6.457,6.117,1.26,1.169,0.467,0.735,0.105,0.078
Guatemala,2022,6.15,6.362,5.939,1.287,1.188,0.31,0.631,0.106,0.066
Guatemala,2021,6.262,6.46,6.064,1.274,0.831,0.522,0.662,0.112,0.115
Guatemala,2020,6.435,6.577,6.292,0.845,0.79,0.519,0.638,0.163,0.105
Guatemala,2019,6.399,6.513,6.284,0.754,1.174,0.706,0.613,0.171,0.098
Guinea,2023,5.023,5.166,4.881,0.831,0.622,0.236,0.521,0.21,0.107
Guinea,2022,5.072,5.213,4.931,0.844,0.776,0.072,0.369,0.204,0.102
Guinea,2021,4.891,5.028,4.753,0.848,0.566,0.275,0.334,0.214,0.116
Guinea,2020,4.984,5.16,4.808,0.42,0.399,0.206,0.384,0.25,0.111
Guinea,2019,4.949,5.092,4.806,0.39,0.751,0.334,0.372,0.249,0.112
Haiti,2020,3.615,3.953,3.276,0.294,0.173,0.227,0.257,0.463,0.139
Haiti,2019,3.721,3.92,3.522,0.285,0.647,0.374,0.169,0.464,0.162
Honduras,2023,5.968,6.114,5.822,1.091,1.035,0.502,0.72,0.175,0.081
Honduras,2022,6.023,6.196,5.849,1.115,1.072,0.341,0.613,0.189,0.062
Honduras,2021,6.022,6.189,5.855,1.111,0.885,0.555,0.582,0.202,0.076
Honduras,2020,5.919,6.081,5.758,0.703,0.787,0.593,0.578,0.241,0.083
Honduras,2019,5.953,6.082,5.824,0.599,1.187,0.792,0.568,0.257,0.087
'Hong Kong SAR of China',2023,5.316,5.403,5.229,1.909,1.184,0.857,0.485,0.147,0.402
'Hong Kong SAR of China',2022,5.308,5.403,5.214,1.951,1.201,0.702,0.407,0.123,0.39
'Hong Kong SAR of China',2021,5.425,5.501,5.348,1.957,0.954,0.942,0.4,0.147,0.383
'Hong Kong SAR of China',2020,5.477,5.573,5.38,1.525,0.841,0.893,0.408,0.232,0.342
'Hong Kong SAR of China',2019,5.51,5.601,5.42,1.377,1.244,1.137,0.459,0.288,0.332
Hungary,2023,6.017,6.124,5.91,1.722,1.528,0.596,0.581,0.123,0.067
Hungary,2022,6.041,6.149,5.933,1.754,1.519,0.435,0.501,0.105,0.065
Hungary,2021,6.086,6.187,5.985,1.748,1.233,0.668,0.485,0.078,0.064
Hungary,2020,5.992,6.085,5.899,1.301,1.083,0.615,0.454,0.067,0.04
Hungary,2019,6,6.078,5.923,1.164,1.423,0.807,0.386,0.07,0.028
Iceland,2023,7.525,7.618,7.433,1.881,1.617,0.718,0.819,0.258,0.182
Iceland,2022,7.53,7.625,7.434,1.926,1.62,0.559,0.738,0.25,0.187
Iceland,2021,7.557,7.651,7.464,1.936,1.32,0.803,0.718,0.27,0.191
Iceland,2020,7.554,7.67,7.438,1.482,1.172,0.772,0.698,0.293,0.17
Iceland,2019,7.504,7.621,7.388,1.327,1.548,1.001,0.662,0.362,0.145
India,2023,4.054,4.123,3.985,1.166,0.653,0.417,0.767,0.174,0.122
India,2022,4.036,4.092,3.98,1.159,0.674,0.252,0.685,0.175,0.111
India,2021,3.777,3.828,3.726,1.167,0.376,0.471,0.647,0.198,0.123
India,2020,3.819,3.869,3.769,0.741,0.316,0.383,0.622,0.246,0.106
India,2019,3.573,3.628,3.519,0.731,0.644,0.541,0.581,0.237,0.106
Indonesia,2023,5.568,5.67,5.466,1.361,1.184,0.472,0.779,0.399,0.055
Indonesia,2022,5.277,5.392,5.161,1.384,1.169,0.314,0.663,0.422,0.038
Indonesia,2021,5.24,5.341,5.139,1.382,0.883,0.539,0.62,0.468,0.047
Indonesia,2020,5.345,5.454,5.235,0.954,0.786,0.433,0.598,0.541,0.046
Indonesia,2019,5.286,5.379,5.192,0.892,1.155,0.61,0.568,0.543,0.038
Iran,2023,4.923,5.024,4.822,1.435,1.136,0.571,0.366,0.235,0.123
Iran,2022,4.876,4.98,4.772,1.465,1.102,0.411,0.281,0.229,0.13
Iran,2021,4.888,4.995,4.78,1.41,0.741,0.642,0.281,0.241,0.146
Iran,2020,4.721,4.828,4.614,1.03,0.557,0.561,0.275,0.33,0.144
Iran,2019,4.672,4.782,4.563,1.029,0.886,0.749,0.301,0.277,0.143
Iraq,2023,5.166,5.283,5.049,1.249,0.996,0.498,0.425,0.141,0.048
Iraq,2022,4.941,5.099,4.783,1.281,0.953,0.324,0.351,0.134,0.038
Iraq,2021,4.941,5.099,4.783,1.289,0.682,0.554,0.328,0.147,0.046
Iraq,2020,4.854,4.97,4.738,0.91,0.638,0.381,0.302,0.153,0.041
Iraq,2019,4.785,4.937,4.632,0.982,1.011,0.529,0.284,0.153,0.073
Ireland,2023,6.838,6.927,6.749,2.129,1.39,0.7,0.758,0.205,0.418
Ireland,2022,6.911,6.996,6.825,2.152,1.425,0.539,0.656,0.186,0.409
Ireland,2021,7.041,7.121,6.961,2.129,1.166,0.779,0.627,0.19,0.408
Ireland,2020,7.085,7.164,7.006,1.644,1.092,0.753,0.606,0.238,0.367
Ireland,2019,7.094,7.172,7.016,1.447,1.471,0.976,0.588,0.295,0.373
Israel,2023,7.341,7.405,7.277,1.803,1.513,0.74,0.641,0.153,0.193
Israel,2022,7.473,7.535,7.411,1.833,1.521,0.577,0.569,0.124,0.158
Israel,2021,7.364,7.426,7.301,1.826,1.221,0.818,0.568,0.155,0.143
Israel,2020,7.157,7.224,7.09,1.376,1.074,0.788,0.509,0.208,0.119
Israel,2019,7.129,7.212,7.045,1.216,1.403,1.008,0.421,0.267,0.1
Italy,2023,6.324,6.436,6.211,1.8,1.328,0.72,0.513,0.112,0.074
Italy,2022,6.405,6.511,6.298,1.832,1.365,0.559,0.438,0.097,0.063
Italy,2021,6.467,6.57,6.363,1.834,1.052,0.801,0.412,0.085,0.059
Italy,2020,6.483,6.572,6.395,1.393,0.94,0.798,0.379,0.133,0.047
Italy,2019,6.387,6.472,6.303,1.236,1.347,1.023,0.321,0.17,0.04
Jamaica,2023,5.842,6.059,5.624,1.28,1.324,0.567,0.647,0.089,0.028
Jamaica,2022,5.703,5.876,5.529,1.305,1.329,0.411,0.587,0.079,0.039
Jamaica,2021,5.85,6.023,5.676,1.296,1.045,0.646,0.567,0.08,0.053
Jamaica,2020,6.309,6.615,6.004,0.891,0.932,0.599,0.618,0.099,0.035
Jamaica,2019,5.89,6.126,5.653,0.779,1.408,0.788,0.553,0.116,0.03
Japan,2023,6.06,6.144,5.976,1.786,1.354,0.785,0.632,0.023,0.219
Japan,2022,6.129,6.211,6.047,1.825,1.396,0.622,0.556,0.009,0.207
Japan,2021,6.039,6.119,5.959,1.835,1.089,0.866,0.537,0.007,0.218
Japan,2020,5.94,6.02,5.861,1.389,0.949,0.838,0.504,0.02,0.192
Japan,2019,5.871,5.952,5.79,1.267,1.332,1.073,0.495,0.036,0.181
Jordan,2023,4.186,4.306,4.066,1.262,0.983,0.594,0.593,0.059,0.189
Jordan,2022,4.12,4.242,3.997,1.292,0.98,0.438,0.517,0.056,0.173
Jordan,2021,4.152,4.276,4.029,1.324,0.724,0.675,0.476,0.058,0.2
Jordan,2020,4.395,4.516,4.273,0.89,0.685,0.583,0.455,0.079,0.15
Jordan,2019,4.633,4.749,4.518,0.785,1.14,0.778,0.425,0.091,0.152
Kazakhstan,2023,6.188,6.278,6.097,1.622,1.457,0.556,0.733,0.149,0.12
Kazakhstan,2022,6.144,6.239,6.049,1.664,1.491,0.389,0.628,0.136,0.149
Kazakhstan,2021,6.234,6.33,6.138,1.668,1.22,0.611,0.584,0.134,0.157
Kazakhstan,2020,6.152,6.243,6.06,1.23,1.103,0.527,0.573,0.143,0.132
Kazakhstan,2019,6.058,6.143,5.973,1.123,1.453,0.699,0.497,0.154,0.11
Kenya,2023,4.47,4.595,4.344,1.037,0.895,0.353,0.519,0.282,0.069
Kenya,2022,4.487,4.616,4.357,1.051,0.881,0.19,0.418,0.291,0.055
Kenya,2021,4.543,4.683,4.403,1.032,0.605,0.401,0.44,0.322,0.082
Kenya,2020,4.607,4.747,4.466,0.603,0.508,0.385,0.483,0.375,0.073
Kenya,2019,4.583,4.716,4.45,0.476,0.905,0.536,0.519,0.394,0.067
Kosovo,2023,6.561,6.667,6.455,1.364,1.277,0.599,0.739,0.254,0.073
Kosovo,2022,6.368,6.485,6.25,1.374,1.269,0.372,0.639,0.275,0.045
Kosovo,2021,6.455,6.571,6.339,1.362,0.949,0.569,0.599,0.309,0.035
Kosovo,2020,6.372,6.487,6.257,0.937,0.807,0.483,0.593,0.356,0.014
Kosovo,2019,6.325,6.428,6.223,0.84,1.184,0.673,0.557,0.325,0.009
Kuwait,2023,6.951,7.06,6.843,1.845,1.364,0.661,0.827,0.2,0.172
Kuwait,2021,6.106,6.235,5.977,1.904,0.983,0.747,0.617,0.087,0.147
Kuwait,2020,6.106,6.235,5.977,1.461,0.857,0.58,0.591,0.12,0.13
Kuwait,2019,6.102,6.207,5.998,1.425,1.245,0.776,0.57,0.133,0.113
Kyrgyzstan,2023,5.714,5.795,5.632,1.054,1.477,0.588,0.834,0.225,0.03
Kyrgyzstan,2022,5.825,5.913,5.737,1.061,1.439,0.417,0.735,0.234,0.018
Kyrgyzstan,2021,5.828,5.916,5.741,1.069,1.109,0.638,0.693,0.208,0.025
Kyrgyzstan,2020,5.744,5.834,5.653,0.665,0.971,0.501,0.673,0.266,0.02
Kyrgyzstan,2019,5.542,5.627,5.456,0.513,1.341,0.681,0.615,0.301,0.03
'Lao PDR',2023,5.139,5.261,5.017,1.208,0.846,0.423,0.796,0.17,0.167
'Lao PDR',2022,5.111,5.269,4.952,1.232,0.853,0.257,0.715,0.185,0.162
'Lao PDR',2021,5.14,5.263,5.018,1.239,0.654,0.479,0.679,0.197,0.184
'Lao PDR',2020,5.03,5.119,4.941,0.808,0.598,0.33,0.643,0.268,0.179
'Lao PDR',2019,4.889,4.968,4.81,0.715,0.987,0.486,0.612,0.273,0.194
Latvia,2023,6.234,6.314,6.155,1.7,1.508,0.564,0.666,0.127,0.078
Latvia,2022,6.213,6.295,6.131,1.737,1.505,0.405,0.58,0.107,0.071
Latvia,2021,6.18,6.255,6.106,1.732,1.221,0.637,0.502,0.075,0.09
Latvia,2020,6.032,6.103,5.961,1.285,1.047,0.587,0.405,0.082,0.089
Latvia,2019,5.95,6.018,5.882,1.141,1.414,0.778,0.329,0.075,0.09
Lebanon,2023,2.707,2.797,2.616,1.377,0.577,0.556,0.173,0.068,0.029
Lebanon,2022,2.392,2.479,2.305,1.417,0.476,0.398,0.123,0.061,0.027
Lebanon,2021,2.955,3.049,2.862,1.392,0.498,0.631,0.103,0.082,0.034
Lebanon,2020,4.584,4.691,4.477,1.045,0.868,0.595,0.175,0.14,0.026
Lebanon,2019,4.772,4.857,4.686,0.889,1.192,0.789,0.186,0.159,0.022
Lesotho,2023,3.186,3.469,2.904,0.771,0.851,0,0.523,0.082,0.085
Lesotho,2021,3.512,3.748,3.276,0.839,0.848,0,0.419,0.076,0.018
Lesotho,2020,3.512,3.748,3.276,0.451,0.731,0.007,0.405,0.103,0.015
Lesotho,2019,3.653,3.814,3.492,0.455,1.089,0.101,0.409,0.103,0.05
Liberia,2023,4.269,4.474,4.063,0.619,0.673,0.301,0.546,0.178,0.075
Liberia,2022,4.042,4.325,3.76,0.628,0.644,0.141,0.471,0.219,0.071
Liberia,2021,5.122,5.428,4.815,0.636,0.67,0.309,0.405,0.178,0.08
Liberia,2020,4.625,4.833,4.417,0.228,0.58,0.253,0.43,0.221,0.057
Liberia,2019,4.558,4.719,4.397,0.174,0.921,0.392,0.406,0.227,0.051
Libya,2023,5.866,5.987,5.746,1.526,1.1,0.55,0.592,0.111,0.204
Libya,2021,5.33,5.543,5.118,1.476,0.943,0.606,0.477,0.106,0.179
Libya,2020,5.41,5.558,5.262,1.044,0.821,0.435,0.474,0.131,0.174
Libya,2019,5.489,5.608,5.37,1.022,1.196,0.616,0.451,0.143,0.172
Lithuania,2023,6.818,6.896,6.739,1.766,1.454,0.598,0.533,0.044,0.116
Lithuania,2022,6.763,6.849,6.677,1.808,1.511,0.432,0.487,0.059,0.089
Lithuania,2021,6.446,6.535,6.356,1.804,1.204,0.659,0.496,0.053,0.077
Lithuania,2020,6.255,6.344,6.167,1.35,1.065,0.612,0.476,0.056,0.073
Lithuania,2019,6.215,6.302,6.129,1.194,1.433,0.795,0.42,0.054,0.081
Luxembourg,2023,7.122,7.213,7.031,2.141,1.355,0.708,0.801,0.146,0.432
Luxembourg,2022,7.228,7.363,7.093,2.2,1.357,0.549,0.71,0.149,0.418
Luxembourg,2021,7.404,7.501,7.307,2.209,1.155,0.79,0.7,0.12,0.388
Luxembourg,2020,7.324,7.396,7.252,1.751,1.003,0.76,0.639,0.166,0.353
Luxembourg,2019,7.238,7.298,7.177,1.537,1.388,0.986,0.61,0.196,0.367
Macedonia,2019,5.16,5.251,5.068,0.935,1.183,0.803,0.41,0.186,0.025
Madagascar,2023,4.228,4.359,4.097,0.628,0.823,0.333,0.25,0.172,0.123
Madagascar,2022,4.019,4.199,3.839,0.632,0.779,0.178,0.187,0.177,0.134
Madagascar,2021,4.339,4.53,4.148,0.67,0.645,0.378,0.202,0.143,0.154
Madagascar,2020,4.208,4.349,4.068,0.266,0.503,0.341,0.207,0.185,0.087
Madagascar,2019,4.166,4.278,4.053,0.245,0.824,0.501,0.193,0.191,0.076
Malawi,2023,3.421,3.561,3.281,0.617,0.41,0.349,0.571,0.135,0.136
Malawi,2022,3.495,3.671,3.32,0.637,0.479,0.189,0.49,0.139,0.129
Malawi,2021,3.75,3.941,3.56,0.648,0.279,0.388,0.477,0.14,0.157
Malawi,2020,3.6,3.781,3.419,0.113,0.168,0.298,0.484,0.213,0.134
Malawi,2019,3.538,3.676,3.4,0.177,0.53,0.446,0.487,0.213,0.132
Malaysia,2023,5.975,6.078,5.872,1.646,1.143,0.54,0.829,0.226,0.119
Malaysia,2022,6.012,6.167,5.858,1.665,1.155,0.385,0.659,0.222,0.122
Malaysia,2021,5.711,5.845,5.578,1.689,0.938,0.62,0.654,0.213,0.126
Malaysia,2020,5.384,5.48,5.289,1.259,0.797,0.587,0.624,0.27,0.064
Malaysia,2019,5.384,5.48,5.289,1.168,1.174,0.789,0.597,0.275,0.062
Maldives,2020,5.198,5.339,5.057,1.115,1.015,0.697,0.575,0.204,0.073
Maldives,2019,5.198,5.339,5.057,0.938,1.402,0.914,0.548,0.224,0.072
Mali,2023,4.232,4.347,4.117,0.747,0.688,0.267,0.586,0.12,0.09
Mali,2022,4.198,4.319,4.076,0.763,0.637,0.106,0.441,0.121,0.059
Mali,2021,4.479,4.611,4.347,0.792,0.483,0.311,0.35,0.128,0.042
Mali,2020,4.723,4.884,4.563,0.387,0.59,0.11,0.384,0.164,0.072
Mali,2019,4.729,4.855,4.603,0.352,0.973,0.235,0.378,0.17,0.062
Malta,2023,6.346,6.43,6.261,1.827,1.444,0.707,0.727,0.25,0.125
Malta,2022,6.3,6.388,6.212,1.841,1.468,0.547,0.671,0.2,0.143
Malta,2021,6.447,6.535,6.359,1.838,1.169,0.789,0.679,0.174,0.166
Malta,2020,6.602,6.688,6.516,1.411,1.055,0.747,0.664,0.275,0.183
Malta,2019,6.773,6.857,6.689,1.253,1.443,0.972,0.633,0.341,0.179
Mauritania,2023,4.505,4.673,4.337,1.078,0.705,0.4,0.343,0.133,0.198
Mauritania,2022,4.724,5.011,4.437,1.099,0.764,0.244,0.32,0.13,0.195
Mauritania,2021,4.153,4.356,3.95,1.1,0.865,0.45,0.304,0.088,0.138
Mauritania,2020,4.227,4.365,4.09,0.666,0.749,0.273,0.218,0.119,0.133
Mauritania,2019,4.375,4.483,4.267,0.54,1.113,0.425,0.186,0.129,0.122
Mauritius,2023,5.816,5.927,5.706,1.57,1.358,0.49,0.641,0.123,0.118
Mauritius,2022,5.902,6.013,5.791,1.589,1.382,0.336,0.574,0.121,0.11
Mauritius,2021,6.071,6.184,5.958,1.591,1.116,0.568,0.589,0.131,0.107
Mauritius,2020,6.049,6.165,5.933,1.178,0.996,0.574,0.59,0.153,0.096
Mauritius,2019,6.101,6.213,5.989,1.074,1.396,0.763,0.591,0.187,0.084
Mexico,2023,6.678,6.781,6.575,1.521,1.241,0.544,0.722,0.086,0.127
Mexico,2022,6.33,6.441,6.218,1.55,1.169,0.389,0.632,0.086,0.115
Mexico,2021,6.128,6.238,6.017,1.552,0.886,0.623,0.621,0.092,0.115
Mexico,2020,6.317,6.42,6.213,1.126,0.83,0.634,0.585,0.092,0.089
Mexico,2019,6.465,6.559,6.371,1.024,1.226,0.832,0.554,0.083,0.083
Mongolia,2023,5.696,5.783,5.61,1.353,1.511,0.4,0.501,0.237,0.055
Mongolia,2022,5.84,5.93,5.75,1.379,1.494,0.244,0.425,0.239,0.058
Mongolia,2021,5.761,5.845,5.676,1.393,1.197,0.467,0.398,0.247,0.059
Mongolia,2020,5.677,5.76,5.595,0.966,1.065,0.442,0.397,0.263,0.053
Mongolia,2019,5.456,5.535,5.377,0.905,1.459,0.616,0.356,0.264,0.047
Montenegro,2023,5.707,5.815,5.599,1.571,1.318,0.587,0.632,0.11,0.132
Montenegro,2022,5.722,5.941,5.503,1.537,1.385,0.424,0.563,0.17,0.061
Montenegro,2021,5.547,5.681,5.413,1.573,1.023,0.659,0.46,0.135,0.077
Montenegro,2020,5.581,5.686,5.475,1.155,0.891,0.637,0.397,0.166,0.081
Montenegro,2019,5.546,5.642,5.45,1.01,1.266,0.839,0.303,0.149,0.098
Morocco,2023,4.795,4.912,4.677,1.213,0.471,0.495,0.631,0.042,0.082
Morocco,2022,4.903,5.023,4.783,1.236,0.535,0.337,0.54,0.013,0.085
Morocco,2021,5.06,5.181,4.938,1.208,0.268,0.565,0.492,0.02,0.102
Morocco,2020,4.918,5.036,4.8,0.792,0.219,0.558,0.477,0.034,0.088
Morocco,2019,5.095,5.204,4.986,0.759,0.645,0.745,0.45,0.04,0.077
Mozambique,2023,5.216,5.406,5.027,0.56,0.883,0.156,0.728,0.158,0.196
Mozambique,2022,4.954,5.181,4.727,0.57,0.885,0,0.625,0.161,0.192
Mozambique,2021,5.048,5.273,4.823,0.578,0.66,0.191,0.593,0.185,0.2
Mozambique,2020,4.794,4.997,4.592,0.183,0.634,0.196,0.608,0.228,0.163
Mozambique,2019,4.624,4.779,4.468,0.179,0.955,0.324,0.561,0.22,0.163
Myanmar,2023,4.354,4.501,4.208,0.978,0.988,0.436,0.45,0.401,0.174
Myanmar,2022,4.372,4.533,4.212,1.032,1.125,0.269,0.46,0.4,0.194
Myanmar,2021,4.394,4.511,4.277,1.038,0.829,0.491,0.513,0.452,0.194
Myanmar,2020,4.426,4.527,4.324,0.666,0.713,0.341,0.601,0.52,0.178
Myanmar,2019,4.308,4.392,4.224,0.678,1.098,0.495,0.597,0.57,0.188
Namibia,2023,4.832,4.958,4.705,1.266,1.212,0.307,0.47,0.069,0.061
Namibia,2022,4.631,4.766,4.496,1.289,1.126,0.145,0.383,0.069,0.071
Namibia,2021,4.459,4.593,4.326,1.292,0.877,0.354,0.384,0.067,0.071
Namibia,2020,4.574,4.7,4.448,0.882,0.801,0.262,0.411,0.091,0.059
Namibia,2019,4.571,4.691,4.452,0.84,1.246,0.407,0.445,0.076,0.054
Nepal,2023,5.158,5.29,5.027,0.965,0.99,0.443,0.653,0.209,0.115
Nepal,2022,5.36,5.507,5.214,0.979,1.027,0.281,0.567,0.215,0.104
Nepal,2021,5.377,5.502,5.251,0.984,0.784,0.499,0.519,0.237,0.13
Nepal,2020,5.269,5.406,5.132,0.519,0.702,0.496,0.488,0.287,0.135
Nepal,2019,5.137,5.25,5.024,0.444,1.101,0.669,0.481,0.301,0.128
Netherlands,2023,7.319,7.383,7.256,1.901,1.462,0.706,0.725,0.247,0.372
Netherlands,2022,7.403,7.46,7.346,1.942,1.488,0.545,0.672,0.251,0.394
Netherlands,2021,7.415,7.471,7.359,1.945,1.206,0.787,0.651,0.271,0.419
Netherlands,2020,7.464,7.518,7.41,1.501,1.079,0.753,0.647,0.302,0.384
Netherlands,2019,7.449,7.503,7.394,1.339,1.464,0.976,0.614,0.336,0.369
'New Zealand',2023,7.029,7.105,6.954,1.81,1.527,0.673,0.746,0.226,0.48
'New Zealand',2022,7.123,7.198,7.048,1.842,1.544,0.513,0.672,0.23,0.471
'New Zealand',2021,7.2,7.279,7.12,1.852,1.235,0.752,0.68,0.245,0.483
'New Zealand',2020,7.277,7.355,7.198,1.4,1.094,0.785,0.665,0.276,0.445
'New Zealand',2019,7.3,7.377,7.222,1.242,1.487,1.008,0.647,0.326,0.461
Nicaragua,2023,6.284,6.433,6.135,1.097,1.263,0.542,0.793,0.133,0.251
Nicaragua,2022,6.259,6.408,6.109,1.109,1.292,0.385,0.66,0.148,0.218
Nicaragua,2021,6.165,6.312,6.017,1.105,1.029,0.617,0.617,0.168,0.212
Nicaragua,2020,5.972,6.134,5.81,0.693,0.904,0.604,0.553,0.201,0.176
Nicaragua,2019,6.137,6.262,6.012,0.62,1.271,0.803,0.56,0.213,0.174
Niger,2023,4.556,4.712,4.401,0.573,0.677,0.293,0.615,0.145,0.147
Niger,2022,4.501,4.712,4.291,0.561,0.628,0.137,0.54,0.154,0.14
Niger,2021,5.003,5.247,4.76,0.57,0.56,0.326,0.571,0.165,0.145
Niger,2020,5.074,5.273,4.875,0.162,0.402,0.167,0.516,0.2,0.157
Niger,2019,4.91,5.061,4.758,0.108,0.704,0.299,0.435,0.208,0.138
Nigeria,2023,4.881,5.018,4.744,1.042,1.075,0.256,0.566,0.201,0.019
Nigeria,2022,4.981,5.136,4.825,1.065,1.007,0.092,0.448,0.176,0.013
Nigeria,2021,4.552,4.651,4.453,1.079,0.732,0.3,0.444,0.175,0.038
Nigeria,2020,4.759,4.861,4.658,0.663,0.625,0.051,0.433,0.212,0.039
Nigeria,2019,4.724,4.826,4.622,0.646,0.987,0.168,0.435,0.221,0.048
'North Cyprus',2021,5.467,5.609,5.325,1.815,0.888,0.819,0.523,0.13,0.213
'North Cyprus',2020,5.536,5.636,5.435,1.377,0.806,0.801,0.503,0.196,0.2
'North Cyprus',2019,5.536,5.636,5.435,1.213,1.183,1.026,0.478,0.199,0.2
'North Macedonia',2023,5.369,5.468,5.27,1.475,1.277,0.569,0.58,0.194,0.015
'North Macedonia',2022,5.254,5.361,5.146,1.498,1.171,0.408,0.515,0.207,0.02
'North Macedonia',2021,5.199,5.303,5.095,1.505,0.863,0.637,0.488,0.215,0.031
'North Macedonia',2020,5.101,5.202,5.001,1.068,0.772,0.535,0.45,0.212,0.022
Norway,2023,7.302,7.389,7.215,1.952,1.517,0.704,0.835,0.224,0.484
Norway,2022,7.315,7.402,7.229,1.994,1.521,0.544,0.752,0.212,0.463
Norway,2021,7.365,7.44,7.29,1.997,1.239,0.786,0.728,0.217,0.474
Norway,2020,7.392,7.462,7.323,1.543,1.108,0.782,0.703,0.249,0.427
Norway,2019,7.488,7.556,7.42,1.424,1.495,1.008,0.67,0.288,0.434
Pakistan,2023,4.657,4.779,4.535,1.069,0.6,0.321,0.542,0.144,0.074
Pakistan,2022,4.555,4.707,4.404,1.081,0.657,0.158,0.511,0.141,0.102
Pakistan,2021,4.516,4.634,4.397,1.049,0.413,0.374,0.448,0.181,0.112
Pakistan,2020,4.934,5.066,4.802,0.637,0.423,0.322,0.418,0.252,0.097
Pakistan,2019,5.693,5.788,5.599,0.617,0.873,0.47,0.405,0.229,0.123
Panama,2023,6.358,6.489,6.227,1.702,1.392,0.633,0.72,0.063,0.043
Panama,2022,6.265,6.424,6.105,1.714,1.402,0.475,0.63,0.065,0.036
Panama,2021,6.309,6.464,6.154,1.715,1.107,0.709,0.592,0.049,0.051
Panama,2020,6.18,6.323,6.036,1.298,0.976,0.667,0.596,0.079,0.053
Panama,2019,6.305,6.422,6.188,1.098,1.376,0.879,0.58,0.097,0.054
Paraguay,2023,5.977,6.085,5.868,1.398,1.408,0.549,0.788,0.131,0.065
Paraguay,2022,5.738,5.851,5.625,1.428,1.427,0.392,0.678,0.148,0.062
Paraguay,2021,5.578,5.689,5.467,1.409,1.13,0.624,0.629,0.171,0.059
Paraguay,2020,5.653,5.832,5.473,0.983,0.97,0.549,0.602,0.206,0.037
Paraguay,2019,5.692,5.794,5.59,0.898,1.368,0.736,0.587,0.204,0.065
Peru,2023,5.841,5.946,5.736,1.371,1.18,0.662,0.615,0.078,0.029
Peru,2022,5.526,5.64,5.412,1.39,1.153,0.499,0.549,0.073,0.027
Peru,2021,5.559,5.679,5.439,1.397,0.865,0.735,0.545,0.09,0.037
Peru,2020,5.84,5.988,5.692,0.986,0.833,0.623,0.536,0.087,0.031
Peru,2019,5.797,5.917,5.677,0.919,1.208,0.824,0.513,0.092,0.027
Philippines,2023,6.048,6.166,5.929,1.232,1.146,0.441,0.826,0.099,0.136
Philippines,2022,5.523,5.675,5.371,1.238,1.108,0.286,0.714,0.104,0.141
Philippines,2021,5.904,6.007,5.8,1.268,0.912,0.514,0.678,0.107,0.142
Philippines,2020,5.88,5.982,5.778,0.853,0.828,0.426,0.651,0.125,0.126
Philippines,2019,6.006,6.104,5.908,0.775,1.245,0.602,0.622,0.129,0.13
Poland,2023,6.442,6.513,6.37,1.738,1.417,0.639,0.6,0.081,0.175
Poland,2022,6.26,6.343,6.177,1.767,1.474,0.477,0.511,0.12,0.139
Poland,2021,6.123,6.205,6.04,1.758,1.174,0.712,0.523,0.124,0.14
Poland,2020,6.166,6.245,6.087,1.309,0.982,0.668,0.558,0.08,0.13
Poland,2019,6.186,6.256,6.117,1.169,1.31,0.868,0.558,0.063,0.161
Portugal,2023,6.03,6.134,5.925,1.728,1.368,0.699,0.757,0.047,0.035
Portugal,2022,5.968,6.076,5.86,1.758,1.356,0.537,0.693,0.031,0.037
Portugal,2021,6.016,6.122,5.911,1.76,1.078,0.777,0.655,0.016,0.039
Portugal,2020,5.929,6.037,5.821,1.323,0.939,0.76,0.621,0.029,0.033
Portugal,2019,5.911,6.015,5.807,1.169,1.34,0.979,0.59,0.053,0.028
'Republic of Korea',2023,6.058,6.148,5.968,1.815,1.178,0.77,0.555,0.126,0.158
'Republic of Korea',2022,5.951,6.04,5.862,1.853,1.188,0.603,0.446,0.112,0.163
'Republic of Korea',2021,5.935,6.021,5.849,1.851,0.886,0.841,0.414,0.111,0.176
'Republic of Korea',2020,5.845,5.928,5.763,1.403,0.758,0.801,0.353,0.134,0.135
'Republic of Korea',2019,5.872,5.959,5.786,1.245,1.134,1.023,0.259,0.17,0.095
'Republic of Moldova',2023,5.816,5.93,5.702,1.385,1.277,0.542,0.695,0.077,0.044
'Republic of Moldova',2022,5.819,5.922,5.717,1.425,1.302,0.375,0.61,0.093,0.02
'Republic of Moldova',2021,5.857,5.948,5.766,1.417,1.008,0.597,0.561,0.102,0.028
'Republic of Moldova',2020,5.766,5.856,5.677,0.985,0.888,0.542,0.536,0.137,0.013
'Republic of Moldova',2019,5.608,5.69,5.525,0.708,1.237,0.713,0.39,0.174,0.014
Romania,2023,6.491,6.592,6.39,1.699,1.236,0.583,0.717,0.041,0.006
Romania,2022,6.589,6.69,6.488,1.726,1.28,0.423,0.631,0.044,0
Romania,2021,6.477,6.575,6.379,1.719,1.006,0.655,0.605,0.039,0.006
Romania,2020,6.14,6.253,6.027,1.275,0.832,0.595,0.564,0.045,0.001
Romania,2019,6.124,6.217,6.031,1.12,1.194,0.792,0.535,0.068,0.001
'Russian Federation',2023,5.785,5.859,5.712,1.642,1.351,0.531,0.551,0.138,0.121
'Russian Federation',2022,5.661,5.734,5.588,1.68,1.383,0.366,0.449,0.12,0.091
'Russian Federation',2021,5.459,5.525,5.392,1.685,1.095,0.586,0.401,0.117,0.08
'Russian Federation',2020,5.477,5.541,5.413,1.241,0.992,0.511,0.409,0.115,0.06
'Russian Federation',2019,5.546,5.624,5.468,1.127,1.379,0.68,0.399,0.099,0.046
Rwanda,2021,3.268,3.462,3.074,0.785,0.133,0.462,0.621,0.187,0.544
Rwanda,2020,3.415,3.548,3.282,0.364,0.202,0.407,0.627,0.227,0.493
Rwanda,2019,3.312,3.415,3.21,0.343,0.523,0.572,0.604,0.236,0.486
'Saudi Arabia',2023,6.594,6.707,6.48,1.842,1.361,0.511,0.787,0.114,0.188
'Saudi Arabia',2022,6.463,6.581,6.344,1.861,1.37,0.351,0.682,0.093,0.17
'Saudi Arabia',2021,6.523,6.637,6.409,1.87,1.092,0.577,0.651,0.078,0.18
'Saudi Arabia',2020,6.494,6.604,6.384,1.435,0.964,0.571,0.603,0.09,0.163
'Saudi Arabia',2019,6.406,6.517,6.296,1.334,1.31,0.76,0.548,0.087,0.163
Senegal,2023,4.969,5.096,4.841,0.927,0.751,0.392,0.607,0.152,0.069
Senegal,2022,4.855,4.983,4.727,0.943,0.727,0.231,0.519,0.142,0.06
Senegal,2021,5.046,5.171,4.921,0.933,0.53,0.447,0.494,0.143,0.081
Senegal,2020,5.132,5.266,4.998,0.518,0.558,0.357,0.381,0.158,0.088
Senegal,2019,4.981,5.084,4.877,0.504,0.955,0.518,0.352,0.164,0.082
Serbia,2023,6.411,6.522,6.3,1.538,1.391,0.585,0.663,0.2,0.101
Serbia,2022,6.144,6.299,5.988,1.552,1.343,0.424,0.617,0.246,0.081
Serbia,2021,6.178,6.294,6.062,1.55,1.086,0.658,0.546,0.219,0.088
Serbia,2020,6.078,6.181,5.974,1.101,0.924,0.634,0.482,0.189,0.066
Serbia,2019,5.778,5.878,5.679,0.988,1.327,0.828,0.395,0.15,0.059
'Sierra Leone',2023,3.245,3.366,3.124,0.654,0.566,0.253,0.469,0.181,0.053
'Sierra Leone',2022,3.138,3.299,2.976,0.67,0.54,0.092,0.371,0.193,0.051
'Sierra Leone',2021,3.574,3.732,3.416,0.686,0.416,0.273,0.387,0.202,0.055
'Sierra Leone',2020,3.849,4.001,3.698,0.279,0.377,0.1,0.408,0.243,0.047
'Sierra Leone',2019,3.926,4.046,3.807,0.241,0.748,0.204,0.382,0.258,0.048
Singapore,2023,6.523,6.605,6.44,2.118,1.361,0.769,0.743,0.168,0.575
Singapore,2022,6.587,6.72,6.454,2.168,1.354,0.607,0.66,0.17,0.561
Singapore,2021,6.48,6.569,6.392,2.149,1.127,0.851,0.672,0.163,0.587
Singapore,2020,6.377,6.46,6.293,1.695,1.019,0.897,0.664,0.176,0.547
Singapore,2019,6.377,6.442,6.312,1.52,1.395,1.138,0.635,0.219,0.533
Slovakia,2023,6.257,6.332,6.182,1.706,1.54,0.638,0.566,0.096,0.058
Slovakia,2022,6.469,6.578,6.36,1.731,1.544,0.472,0.494,0.128,0.022
Slovakia,2021,6.391,6.475,6.306,1.736,1.232,0.707,0.479,0.118,0.025
Slovakia,2020,6.331,6.411,6.251,1.304,1.066,0.653,0.468,0.107,0.018
Slovakia,2019,6.281,6.357,6.204,1.195,1.424,0.853,0.424,0.117,0.011
Slovenia,2023,6.743,6.843,6.643,1.786,1.502,0.695,0.789,0.157,0.131
Slovenia,2022,6.65,6.75,6.55,1.815,1.539,0.532,0.707,0.144,0.113
Slovenia,2021,6.63,6.718,6.542,1.81,1.249,0.769,0.685,0.118,0.115
Slovenia,2020,6.461,6.546,6.376,1.36,1.093,0.722,0.69,0.122,0.085
Slovenia,2019,6.363,6.449,6.277,1.209,1.465,0.933,0.647,0.146,0.077
'South Africa',2023,5.422,5.549,5.295,1.389,1.369,0.322,0.537,0.078,0.034
'South Africa',2022,5.275,5.417,5.132,1.417,1.428,0.149,0.464,0.09,0.019
'South Africa',2021,5.194,5.315,5.073,1.425,1.088,0.361,0.442,0.089,0.046
'South Africa',2020,4.956,5.074,4.839,0.967,0.895,0.265,0.447,0.144,0.051
'South Africa',2019,4.814,4.932,4.696,0.902,1.259,0.407,0.435,0.126,0.06
'South Sudan',2019,2.817,3.028,2.606,0.289,0.553,0.209,0.066,0.21,0.111
Spain,2023,6.421,6.502,6.339,1.766,1.471,0.729,0.619,0.119,0.177
Spain,2022,6.436,6.519,6.354,1.798,1.491,0.567,0.533,0.101,0.157
Spain,2021,6.476,6.56,6.392,1.808,1.211,0.808,0.505,0.101,0.149
Spain,2020,6.491,6.574,6.408,1.375,1.057,0.826,0.462,0.135,0.124
Spain,2019,6.401,6.484,6.318,1.231,1.421,1.051,0.426,0.165,0.11
'Sri Lanka',2023,3.898,4.018,3.778,1.361,1.179,0.586,0.583,0.144,0.031
'Sri Lanka',2022,4.442,4.603,4.28,1.422,1.224,0.426,0.539,0.12,0.086
'Sri Lanka',2021,4.362,4.487,4.237,1.415,0.934,0.66,0.529,0.15,0.079
'Sri Lanka',2020,4.325,4.454,4.196,0.99,0.82,0.593,0.559,0.239,0.049
'Sri Lanka',2019,4.327,4.431,4.223,0.898,1.195,0.792,0.529,0.253,0.049
'State of Palestine',2023,4.879,5.006,4.753,?,?,?,?,?,?
'State of Palestine',2022,4.908,5.089,4.727,1.144,1.309,?,0.416,0.065,0.067
'State of Palestine',2021,4.483,4.665,4.3,1.148,0.957,0.521,0.336,0.073,0.079
'State of Palestine',2020,4.517,4.649,4.384,0.646,0.819,0.434,0.33,0.082,0.075
'State of Palestine',2019,4.553,4.662,4.443,0.588,1.195,0.614,0.299,0.092,0.072
Swaziland,2020,4.308,4.448,4.168,0.849,0.693,0.074,0.323,0.067,0.147
Swaziland,2019,4.308,4.448,4.168,0.828,1.065,0.216,0.3,0.067,0.147
Sweden,2023,7.344,7.422,7.267,1.878,1.501,0.724,0.838,0.221,0.524
Sweden,2022,7.395,7.468,7.322,1.921,1.51,0.562,0.754,0.225,0.52
Sweden,2021,7.384,7.454,7.315,1.92,1.204,0.803,0.724,0.218,0.512
Sweden,2020,7.363,7.433,7.293,1.478,1.062,0.763,0.685,0.244,0.448
Sweden,2019,7.353,7.425,7.282,1.322,1.433,0.986,0.65,0.273,0.442
Switzerland,2023,7.06,7.147,6.973,1.97,1.425,0.747,0.759,0.173,0.498
Switzerland,2022,7.24,7.324,7.156,2.022,1.463,0.582,0.678,0.151,0.475
Switzerland,2021,7.512,7.586,7.437,2.026,1.226,0.822,0.677,0.147,0.461
Switzerland,2020,7.571,7.643,7.5,1.566,1.079,0.816,0.653,0.204,0.413
Switzerland,2019,7.56,7.629,7.491,1.391,1.472,1.041,0.629,0.269,0.408
'Taiwan Province of China',2023,6.503,6.597,6.41,1.842,1.346,0.65,0.649,0.068,0.202
'Taiwan Province of China',2022,6.535,6.627,6.444,1.89,1.372,0.492,0.562,0.067,0.178
'Taiwan Province of China',2021,6.512,6.596,6.429,1.897,1.095,0.733,0.542,0.075,0.168
'Taiwan Province of China',2020,6.584,6.659,6.51,1.48,0.982,0.665,0.49,0.142,0.139
'Taiwan Province of China',2019,6.455,6.532,6.379,1.327,1.358,0.878,0.449,0.151,0.132
Tajikistan,2023,5.281,5.361,5.201,?,?,?,?,?,?
Tajikistan,2022,5.33,5.452,5.207,0.972,1.248,0.291,0.599,0.104,0.292
Tajikistan,2021,5.377,5.468,5.287,0.966,1.005,0.518,0.572,0.118,0.304
Tajikistan,2020,5.466,5.532,5.4,0.508,0.895,0.498,0.548,0.152,0.247
Tajikistan,2019,5.556,5.619,5.492,0.475,1.218,0.681,0.521,0.182,0.222
Tanzania,2023,3.781,3.917,3.644,0.82,0.706,0.38,0.709,0.191,0.257
Tanzania,2022,3.694,3.84,3.547,0.836,0.787,0.214,0.607,0.234,0.269
Tanzania,2021,3.702,3.847,3.558,0.848,0.597,0.425,0.578,0.248,0.27
Tanzania,2020,3.623,3.762,3.485,0.433,0.54,0.3,0.549,0.307,0.231
Tanzania,2019,3.476,3.6,3.352,0.457,0.873,0.443,0.509,0.272,0.204
Thailand,2023,5.976,6.094,5.858,1.484,1.347,0.62,0.756,0.283,0.024
Thailand,2022,5.843,5.969,5.717,1.515,1.344,0.461,0.624,0.291,0.013
Thailand,2021,5.891,5.994,5.788,1.535,1.096,0.697,0.617,0.321,0.026
Thailand,2020,5.985,6.077,5.893,1.107,0.957,0.596,0.611,0.375,0.028
Thailand,2019,5.999,6.082,5.915,1.007,1.348,0.794,0.609,0.377,0.032
Togo,2023,4.214,4.33,4.098,0.758,0.586,0.32,0.453,0.127,0.156
Togo,2022,4.137,4.289,3.986,0.77,0.642,0.161,0.367,0.149,0.136
Togo,2021,4.112,4.272,3.953,0.771,0.322,0.36,0.292,0.174,0.132
Togo,2020,4.107,4.258,3.956,0.254,0.239,0.203,0.289,0.209,0.107
Togo,2019,4.187,4.31,4.065,0.268,0.548,0.343,0.304,0.201,0.115
'Trinidad and Tobago',2019,6.192,6.416,5.968,1.168,1.407,0.659,0.553,0.199,0.015
Tunisia,2023,4.422,4.505,4.338,1.306,0.955,0.579,0.254,0.024,0.018
Tunisia,2022,4.497,4.601,4.393,1.333,0.981,0.422,0.259,0.022,0.016
Tunisia,2021,4.516,4.629,4.403,1.35,0.596,0.656,0.316,0.029,0.029
Tunisia,2020,4.596,4.709,4.484,0.919,0.515,0.59,0.334,0.057,0.044
Tunisia,2019,4.392,4.49,4.295,0.875,0.872,0.781,0.236,0.056,0.044
T rkiye,2023,4.975,5.085,4.866,1.702,1.175,0.631,0.202,0.068,0.115
T rkiye,2022,4.614,4.777,4.45,1.714,1.148,0.467,0.125,0.095,0.096
T rkiye,2021,4.744,4.845,4.644,1.707,0.865,0.702,0.209,0.087,0.115
T rkiye,2020,4.948,5.038,4.857,1.26,0.809,0.59,0.236,0.097,0.104
T rkiye,2019,5.132,5.21,5.054,1.127,1.197,0.781,0.254,0.086,0.121
Turkmenistan,2021,5.474,5.578,5.371,1.484,1.319,0.516,0.649,0.314,0.032
Turkmenistan,2020,5.066,5.136,4.996,1.046,1.172,0.439,0.602,0.366,0.033
Turkmenistan,2019,5.119,5.177,5.062,1.009,1.51,0.612,0.515,0.323,0.034
Uganda,2023,4.372,4.501,4.243,0.772,1.151,0.373,0.587,0.178,0.054
Uganda,2022,4.432,4.607,4.258,0.785,1.144,0.201,0.425,0.197,0.051
Uganda,2021,4.603,4.747,4.459,0.777,0.875,0.418,0.402,0.222,0.066
Uganda,2020,4.636,4.78,4.493,0.364,0.718,0.24,0.398,0.267,0.054
Uganda,2019,4.432,4.566,4.298,0.312,1.052,0.378,0.402,0.265,0.064
Ukraine,2023,4.873,4.988,4.758,1.35,1.315,0.513,0.631,0.285,0.025
Ukraine,2022,5.071,5.187,4.956,1.358,1.354,0.355,0.551,0.265,0.016
Ukraine,2021,5.084,5.19,4.978,1.411,1.081,0.583,0.473,0.188,0.017
Ukraine,2020,4.875,4.977,4.773,0.979,0.958,0.517,0.417,0.181,0.01
Ukraine,2019,4.561,4.658,4.463,0.78,1.321,0.699,0.319,0.179,0.01
'United Arab Emirates',2023,6.733,6.823,6.643,1.983,1.164,0.563,0.815,0.209,0.258
'United Arab Emirates',2022,6.571,6.656,6.486,2.015,1.223,0.401,0.745,0.188,0.247
'United Arab Emirates',2021,6.576,6.66,6.492,1.998,0.98,0.633,0.702,0.204,0.25
'United Arab Emirates',2020,6.561,6.637,6.484,1.555,0.86,0.594,0.67,0.236,0.223
'United Arab Emirates',2019,6.791,6.871,6.711,1.431,1.251,0.788,0.653,0.281,0.22
'United Kingdom',2023,6.749,6.833,6.665,1.822,1.326,0.672,0.713,0.267,0.351
'United Kingdom',2022,6.796,6.877,6.714,1.857,1.366,0.511,0.626,0.272,0.34
'United Kingdom',2021,6.943,7.018,6.867,1.867,1.143,0.75,0.597,0.289,0.329
'United Kingdom',2020,7.064,7.138,6.99,1.423,1.062,0.757,0.58,0.34,0.306
'United Kingdom',2019,7.165,7.237,7.092,1.273,1.458,0.976,0.525,0.373,0.323
'United States',2023,6.725,6.818,6.631,1.939,1.392,0.542,0.586,0.223,0.169
'United States',2022,6.894,6.986,6.802,1.98,1.46,0.39,0.557,0.21,0.172
'United States',2021,6.977,7.065,6.888,1.982,1.182,0.628,0.574,0.22,0.177
'United States',2020,6.951,7.047,6.856,1.533,1.03,0.621,0.554,0.252,0.154
'United States',2019,6.94,7.032,6.847,1.374,1.405,0.832,0.535,0.298,0.152
Uruguay,2023,6.611,6.696,6.527,1.596,1.431,0.592,0.775,0.106,0.22
Uruguay,2022,6.494,6.583,6.404,1.617,1.445,0.435,0.683,0.102,0.254
Uruguay,2021,6.474,6.562,6.386,1.615,1.18,0.672,0.665,0.103,0.265
Uruguay,2020,6.431,6.521,6.341,1.164,1.042,0.649,0.625,0.128,0.223
Uruguay,2019,6.44,6.529,6.351,1.071,1.425,0.857,0.594,0.132,0.193
Uzbekistan,2023,6.195,6.303,6.087,1.212,1.394,0.539,0.835,0.251,0.215
Uzbekistan,2022,6.014,6.13,5.899,1.227,1.347,0.375,0.74,0.26,0.208
Uzbekistan,2021,6.063,6.178,5.948,1.219,1.092,0.6,0.716,0.283,0.24
Uzbekistan,2020,6.179,6.312,6.045,0.769,1.027,0.528,0.716,0.391,0.271
Uzbekistan,2019,6.258,6.364,6.151,0.697,1.434,0.717,0.693,0.363,0.28
Venezuela,2023,5.607,5.725,5.489,0,1.321,0.491,0.518,0.192,0.086
Venezuela,2022,5.211,5.336,5.085,0,1.257,0.341,0.369,0.205,0.084
Venezuela,2021,4.925,5.051,4.8,0,0.968,0.578,0.283,0.225,0.082
Venezuela,2020,4.892,5.017,4.767,0.852,0.897,0.574,0.284,0.078,0.072
Venezuela,2019,5.053,5.179,4.927,0.77,1.349,0.767,0.272,0.087,0.064
'Viet Nam',2023,6.043,6.138,5.948,1.331,1.267,0.539,0.843,0.094,0.16
'Viet Nam',2022,5.763,5.865,5.662,1.349,1.212,0.381,0.741,0.134,0.122
'Viet Nam',2021,5.485,5.57,5.4,1.252,0.932,0.611,0.707,0.143,0.105
'Viet Nam',2020,5.411,5.488,5.334,0.817,0.873,0.616,0.679,0.124,0.091
'Viet Nam',2019,5.353,5.42,5.287,0.718,1.253,0.819,0.651,0.136,0.09
Yemen,2023,3.561,3.714,3.408,0.671,1.281,0.293,0.362,0.08,0.113
Yemen,2021,4.197,4.384,4.01,0.691,1.043,0.384,0.33,0.09,0.098
Yemen,2020,3.658,3.794,3.521,0.329,0.831,0.272,0.268,0.092,0.089
Yemen,2019,3.527,3.634,3.421,0.393,1.177,0.415,0.244,0.095,0.087
Zambia,2023,3.502,3.636,3.368,0.899,0.809,0.264,0.727,0.168,0.109
Zambia,2022,3.982,4.167,3.797,0.914,0.89,0.095,0.545,0.189,0.08
Zambia,2021,3.76,3.902,3.618,0.93,0.577,0.306,0.525,0.203,0.083
Zambia,2020,4.073,4.209,3.938,0.528,0.552,0.231,0.487,0.227,0.074
Zambia,2019,3.759,3.878,3.64,0.537,0.896,0.364,0.491,0.251,0.087
Zimbabwe,2023,3.341,3.457,3.226,0.748,0.85,0.232,0.487,0.096,0.131
Zimbabwe,2022,3.204,3.323,3.084,0.758,0.881,0.069,0.363,0.112,0.117
Zimbabwe,2021,2.995,3.11,2.88,0.947,0.69,0.27,0.329,0.106,0.105
Zimbabwe,2020,3.145,3.259,3.03,0.457,0.649,0.243,0.359,0.157,0.075
Zimbabwe,2019,3.299,3.414,3.184,0.426,1.048,0.375,0.377,0.151,0.081
Norway,2017,7.537,7.594,7.48,1.616,1.534,0.797,0.635,0.362,0.316
Denmark,2017,7.522,7.582,7.462,1.482,1.551,0.793,0.626,0.355,0.401
Iceland,2017,7.504,7.622,7.386,1.481,1.611,0.834,0.627,0.476,0.154
Switzerland,2017,7.494,7.562,7.426,1.565,1.517,0.858,0.62,0.291,0.367
Finland,2017,7.469,7.528,7.41,1.444,1.54,0.809,0.618,0.245,0.383
Netherlands,2017,7.377,7.427,7.327,1.504,1.429,0.811,0.585,0.47,0.283
Canada,2017,7.316,7.384,7.248,1.479,1.481,0.835,0.611,0.436,0.287
'New Zealand',2017,7.314,7.38,7.248,1.406,1.548,0.817,0.614,0.5,0.383
Australia,2017,7.284,7.357,7.211,1.484,1.51,0.844,0.602,0.478,0.301
Sweden,2017,7.284,7.344,7.224,1.494,1.478,0.831,0.613,0.385,0.384
Israel,2017,7.213,7.28,7.146,1.375,1.376,0.838,0.406,0.33,0.085
'Costa Rica',2017,7.079,7.168,6.99,1.11,1.416,0.76,0.58,0.215,0.1
Austria,2017,7.006,7.071,6.941,1.487,1.46,0.815,0.568,0.316,0.221
'United States',2017,6.993,7.075,6.911,1.546,1.42,0.774,0.506,0.393,0.136
Ireland,2017,6.977,7.043,6.911,1.536,1.558,0.81,0.573,0.428,0.298
Germany,2017,6.951,7.005,6.897,1.488,1.473,0.799,0.563,0.336,0.277
Belgium,2017,6.891,6.956,6.826,1.464,1.462,0.818,0.54,0.232,0.251
Luxembourg,2017,6.863,6.924,6.802,1.742,1.458,0.845,0.597,0.283,0.319
'United Kingdom',2017,6.714,6.784,6.644,1.442,1.496,0.805,0.508,0.493,0.265
Chile,2017,6.652,6.739,6.565,1.253,1.284,0.819,0.377,0.327,0.082
'United Arab Emirates',2017,6.648,6.722,6.574,1.626,1.266,0.727,0.608,0.361,0.324
Brazil,2017,6.635,6.725,6.545,1.107,1.431,0.617,0.437,0.162,0.111
'Czech Republic',2017,6.609,6.684,6.534,1.353,1.434,0.754,0.491,0.088,0.037
Argentina,2017,6.599,6.69,6.508,1.185,1.44,0.695,0.495,0.109,0.06
Mexico,2017,6.578,6.671,6.485,1.153,1.211,0.71,0.413,0.121,0.133
Singapore,2017,6.572,6.637,6.507,1.692,1.354,0.949,0.55,0.346,0.464
Malta,2017,6.527,6.598,6.456,1.343,1.488,0.822,0.589,0.575,0.153
Uruguay,2017,6.454,6.546,6.362,1.218,1.412,0.719,0.579,0.175,0.178
Guatemala,2017,6.454,6.567,6.341,0.872,1.256,0.54,0.531,0.283,0.077
Panama,2017,6.452,6.557,6.347,1.234,1.373,0.706,0.55,0.211,0.071
France,2017,6.442,6.516,6.368,1.431,1.388,0.844,0.47,0.13,0.173
Thailand,2017,6.424,6.509,6.339,1.128,1.426,0.647,0.58,0.572,0.032
'Taiwan Province of China',2017,6.422,6.495,6.349,1.434,1.385,0.794,0.361,0.258,0.064
Spain,2017,6.403,6.471,6.335,1.384,1.532,0.889,0.409,0.19,0.071
Qatar,2017,6.375,6.568,6.182,1.871,1.274,0.71,0.604,0.33,0.439
Colombia,2017,6.357,6.452,6.262,1.071,1.402,0.595,0.477,0.149,0.047
'Saudi Arabia',2017,6.344,6.444,6.244,1.531,1.287,0.59,0.45,0.148,0.273
'Trinidad and Tobago',2017,6.168,6.382,5.954,1.361,1.38,0.52,0.519,0.325,0.009
Kuwait,2017,6.105,6.192,6.018,1.633,1.26,0.632,0.496,0.228,0.215
Slovakia,2017,6.098,6.177,6.019,1.325,1.505,0.713,0.296,0.137,0.024
Bahrain,2017,6.087,6.179,5.995,1.488,1.323,0.653,0.537,0.173,0.257
Malaysia,2017,6.084,6.18,5.988,1.291,1.285,0.619,0.402,0.417,0.066
Nicaragua,2017,6.071,6.187,5.955,0.737,1.287,0.653,0.448,0.302,0.131
Ecuador,2017,6.008,6.106,5.91,1.001,1.286,0.686,0.455,0.15,0.14
'El Salvador',2017,6.003,6.109,5.897,0.91,1.182,0.596,0.432,0.078,0.09
Poland,2017,5.973,6.054,5.892,1.292,1.446,0.699,0.52,0.158,0.059
Uzbekistan,2017,5.971,6.066,5.876,0.786,1.549,0.498,0.658,0.416,0.247
Italy,2017,5.964,6.043,5.885,1.395,1.445,0.853,0.256,0.173,0.028
Russia,2017,5.963,6.03,5.896,1.282,1.469,0.547,0.374,0.052,0.033
Belize,2017,5.956,6.197,5.715,0.908,1.081,0.45,0.548,0.24,0.097
Japan,2017,5.92,5.991,5.849,1.417,1.436,0.913,0.506,0.121,0.164
Lithuania,2017,5.902,5.983,5.821,1.315,1.474,0.629,0.234,0.01,0.012
Algeria,2017,5.872,5.978,5.766,1.092,1.146,0.618,0.233,0.069,0.146
Latvia,2017,5.85,5.92,5.78,1.261,1.405,0.639,0.326,0.153,0.074
'South Korea',2017,5.838,5.923,5.753,1.402,1.128,0.9,0.258,0.207,0.063
Moldova,2017,5.838,5.908,5.768,0.729,1.252,0.589,0.241,0.209,0.01
Romania,2017,5.825,5.92,5.73,1.218,1.15,0.685,0.457,0.134,0.004
Bolivia,2017,5.823,5.904,5.742,0.834,1.228,0.474,0.559,0.226,0.06
Turkmenistan,2017,5.822,5.885,5.759,1.131,1.493,0.438,0.418,0.25,0.259
Kazakhstan,2017,5.819,5.904,5.734,1.285,1.384,0.606,0.437,0.202,0.119
'North Cyprus',2017,5.81,5.897,5.723,1.347,1.186,0.835,0.471,0.267,0.155
Slovenia,2017,5.758,5.842,5.674,1.341,1.453,0.791,0.573,0.243,0.045
Peru,2017,5.715,5.812,5.618,1.035,1.219,0.63,0.45,0.127,0.047
Mauritius,2017,5.629,5.73,5.528,1.189,1.21,0.638,0.491,0.361,0.042
Cyprus,2017,5.621,5.715,5.527,1.356,1.131,0.845,0.355,0.271,0.041
Estonia,2017,5.611,5.688,5.534,1.321,1.477,0.695,0.479,0.099,0.183
Belarus,2017,5.569,5.646,5.492,1.157,1.445,0.638,0.295,0.155,0.156
Libya,2017,5.525,5.677,5.373,1.102,1.358,0.52,0.466,0.152,0.093
Turkey,2017,5.5,5.595,5.405,1.198,1.338,0.638,0.301,0.047,0.1
Paraguay,2017,5.493,5.577,5.409,0.933,1.507,0.579,0.474,0.224,0.091
'Hong Kong S.A.R. of China',2017,5.472,5.55,5.394,1.552,1.263,0.943,0.491,0.374,0.294
Philippines,2017,5.43,5.545,5.315,0.858,1.254,0.468,0.585,0.194,0.099
Serbia,2017,5.395,5.492,5.298,1.069,1.258,0.651,0.209,0.22,0.041
Jordan,2017,5.336,5.448,5.224,0.991,1.239,0.605,0.418,0.172,0.12
Hungary,2017,5.324,5.403,5.245,1.286,1.343,0.688,0.176,0.078,0.037
Jamaica,2017,5.311,5.581,5.041,0.926,1.368,0.641,0.474,0.234,0.055
Croatia,2017,5.293,5.392,5.194,1.223,0.968,0.701,0.256,0.248,0.043
Kosovo,2017,5.279,5.365,5.193,0.951,1.138,0.541,0.26,0.32,0.057
China,2017,5.273,5.319,5.227,1.081,1.161,0.741,0.473,0.029,0.023
Pakistan,2017,5.269,5.36,5.178,0.727,0.673,0.402,0.235,0.315,0.124
Indonesia,2017,5.262,5.353,5.171,0.996,1.274,0.492,0.443,0.612,0.015
Venezuela,2017,5.25,5.37,5.13,1.128,1.431,0.617,0.154,0.065,0.064
Montenegro,2017,5.237,5.341,5.133,1.121,1.238,0.667,0.195,0.198,0.088
Morocco,2017,5.235,5.318,5.152,0.878,0.775,0.598,0.408,0.032,0.088
Azerbaijan,2017,5.234,5.299,5.169,1.154,1.152,0.541,0.398,0.045,0.181
'Dominican Republic',2017,5.23,5.349,5.111,1.079,1.402,0.575,0.553,0.187,0.114
Greece,2017,5.227,5.325,5.129,1.289,1.239,0.81,0.096,0,0.043
Lebanon,2017,5.225,5.319,5.131,1.075,1.13,0.735,0.289,0.264,0.038
Portugal,2017,5.195,5.285,5.105,1.315,1.367,0.796,0.498,0.095,0.016
'Bosnia and Herzegovina',2017,5.182,5.276,5.088,0.982,1.069,0.705,0.204,0.329,0
Honduras,2017,5.181,5.302,5.06,0.731,1.144,0.583,0.348,0.236,0.073
Macedonia,2017,5.175,5.272,5.078,1.065,1.208,0.645,0.326,0.254,0.06
Somalia,2017,5.151,5.242,5.06,0.023,0.721,0.114,0.602,0.292,0.282
Vietnam,2017,5.074,5.147,5.001,0.789,1.277,0.652,0.571,0.235,0.088
Nigeria,2017,5.074,5.21,4.938,0.784,1.216,0.057,0.395,0.231,0.026
Tajikistan,2017,5.041,5.111,4.971,0.525,1.271,0.529,0.472,0.249,0.146
Bhutan,2017,5.011,5.079,4.943,0.885,1.34,0.496,0.502,0.474,0.173
Kyrgyzstan,2017,5.004,5.09,4.918,0.596,1.394,0.553,0.455,0.429,0.039
Nepal,2017,4.962,5.067,4.857,0.48,1.179,0.504,0.44,0.394,0.073
Mongolia,2017,4.955,5.022,4.888,1.027,1.493,0.558,0.394,0.338,0.033
'South Africa',2017,4.829,4.929,4.729,1.055,1.385,0.187,0.479,0.139,0.073
Tunisia,2017,4.805,4.884,4.726,1.007,0.868,0.613,0.29,0.05,0.087
'Palestinian Territories',2017,4.775,4.882,4.668,0.716,1.156,0.566,0.255,0.114,0.089
Egypt,2017,4.735,4.825,4.645,0.99,0.997,0.52,0.282,0.129,0.114
Bulgaria,2017,4.714,4.804,4.624,1.161,1.434,0.708,0.289,0.113,0.011
'Sierra Leone',2017,4.709,4.851,4.567,0.368,0.984,0.006,0.319,0.293,0.071
Cameroon,2017,4.695,4.797,4.593,0.564,0.946,0.133,0.43,0.236,0.051
Iran,2017,4.692,4.798,4.586,1.157,0.712,0.639,0.249,0.387,0.049
Albania,2017,4.644,4.752,4.536,0.996,0.804,0.731,0.381,0.201,0.04
Bangladesh,2017,4.608,4.69,4.526,0.587,0.735,0.533,0.478,0.172,0.124
Namibia,2017,4.574,4.77,4.378,0.964,1.098,0.339,0.52,0.077,0.093
Kenya,2017,4.553,4.656,4.45,0.56,1.068,0.31,0.453,0.445,0.065
Mozambique,2017,4.55,4.774,4.326,0.234,0.871,0.107,0.481,0.322,0.179
Myanmar,2017,4.545,4.615,4.475,0.367,1.123,0.398,0.514,0.838,0.189
Senegal,2017,4.535,4.602,4.468,0.479,1.18,0.409,0.378,0.183,0.115
Zambia,2017,4.514,4.644,4.384,0.636,1.003,0.258,0.462,0.25,0.078
Iraq,2017,4.497,4.623,4.371,1.103,0.979,0.501,0.289,0.2,0.107
Gabon,2017,4.465,4.557,4.373,1.198,1.156,0.357,0.312,0.044,0.076
Ethiopia,2017,4.46,4.543,4.377,0.339,0.865,0.353,0.409,0.313,0.165
'Sri Lanka',2017,4.44,4.553,4.327,1.01,1.26,0.625,0.561,0.491,0.074
Armenia,2017,4.376,4.467,4.285,0.901,1.007,0.638,0.198,0.083,0.027
India,2017,4.315,4.372,4.258,0.792,0.754,0.455,0.47,0.232,0.092
Mauritania,2017,4.292,4.377,4.207,0.648,1.272,0.285,0.096,0.202,0.137
'Congo (Brazzaville)',2017,4.291,4.41,4.172,0.809,0.832,0.29,0.435,0.121,0.08
Georgia,2017,4.286,4.375,4.197,0.951,0.571,0.65,0.309,0.054,0.252
'Congo (Kinshasa)',2017,4.28,4.358,4.202,0.092,1.229,0.191,0.236,0.246,0.06
Mali,2017,4.19,4.27,4.11,0.476,1.281,0.169,0.307,0.183,0.105
'Ivory Coast',2017,4.18,4.275,4.085,0.603,0.905,0.049,0.448,0.201,0.13
Cambodia,2017,4.168,4.279,4.057,0.602,1.006,0.43,0.633,0.386,0.068
Sudan,2017,4.139,4.346,3.932,0.66,1.214,0.291,0.015,0.182,0.09
Ghana,2017,4.12,4.223,4.017,0.667,0.874,0.296,0.423,0.257,0.025
Ukraine,2017,4.096,4.185,4.007,0.895,1.395,0.576,0.123,0.27,0.023
Uganda,2017,4.081,4.196,3.966,0.381,1.13,0.218,0.443,0.326,0.057
'Burkina Faso',2017,4.032,4.124,3.94,0.35,1.043,0.216,0.324,0.251,0.12
Niger,2017,4.028,4.112,3.944,0.162,0.993,0.269,0.364,0.229,0.139
Malawi,2017,3.97,4.077,3.863,0.233,0.513,0.315,0.467,0.287,0.073
Chad,2017,3.936,4.035,3.837,0.438,0.954,0.041,0.162,0.216,0.054
Zimbabwe,2017,3.875,3.979,3.771,0.376,1.083,0.197,0.336,0.189,0.095
Lesotho,2017,3.808,4.044,3.572,0.521,1.19,0,0.391,0.157,0.119
Angola,2017,3.795,3.952,3.638,0.858,1.104,0.05,0,0.098,0.07
Afghanistan,2017,3.794,3.874,3.714,0.401,0.582,0.181,0.106,0.312,0.061
Botswana,2017,3.766,3.874,3.658,1.122,1.222,0.342,0.505,0.099,0.099
Benin,2017,3.657,3.746,3.568,0.431,0.435,0.21,0.426,0.208,0.061
Madagascar,2017,3.644,3.714,3.574,0.306,0.913,0.375,0.189,0.209,0.067
Haiti,2017,3.603,3.735,3.471,0.369,0.64,0.277,0.03,0.489,0.1
Yemen,2017,3.593,3.693,3.493,0.592,0.935,0.31,0.249,0.104,0.057
'South Sudan',2017,3.591,3.726,3.456,0.397,0.601,0.163,0.147,0.286,0.117
Liberia,2017,3.533,3.654,3.412,0.119,0.872,0.23,0.333,0.267,0.039
Guinea,2017,3.507,3.584,3.43,0.245,0.791,0.194,0.349,0.265,0.111
Togo,2017,3.495,3.594,3.396,0.305,0.432,0.247,0.38,0.197,0.096
Rwanda,2017,3.471,3.543,3.399,0.369,0.946,0.326,0.582,0.253,0.455
Syria,2017,3.462,3.664,3.26,0.777,0.396,0.501,0.082,0.494,0.151
Tanzania,2017,3.349,3.461,3.237,0.511,1.042,0.365,0.39,0.354,0.066
Burundi,2017,2.905,3.075,2.735,0.092,0.63,0.152,0.06,0.204,0.084
'Central African Republic',2017,2.693,2.865,2.521,0,0,0.019,0.271,0.281,0.057
Afghanistan,2017,2.661718,?,?,7.460144,0.49088,52.339527,0.427011,-0.10634,0.954393
Albania,2017,4.639548,?,?,9.373718,0.637698,69.051659,0.749611,-0.03514,0.876135
Algeria,2017,5.248912,?,?,9.540244,0.806754,65.699188,0.43667,-0.19467,0.699774
Argentina,2017,6.03933,?,?,9.843519,0.906699,67.538704,0.831966,-0.1863,0.841052
Armenia,2017,4.287736,?,?,9.034711,0.697925,65.125687,0.613697,-0.132166,0.864683
Australia,2017,7.257038,?,?,10.711827,0.949958,72.78334,0.91055,0.301693,0.411347
Austria,2017,7.293728,?,?,10.716226,0.906218,72.359711,0.890031,0.124997,0.518304
Azerbaijan,2017,5.152279,?,?,9.65393,0.787039,63.075314,0.73103,-0.247481,0.652539
Bahrain,2017,6.227321,?,?,10.686713,0.875747,66.123993,0.905859,0.120759,?
Bangladesh,2017,4.309771,?,?,8.163093,0.712553,62.504154,0.896217,0.017536,0.635014
Belarus,2017,5.552915,?,?,9.71983,0.900256,66.605965,0.620979,-0.130582,0.654113
Belgium,2017,6.928348,?,?,10.657654,0.921639,72.142929,0.856802,0.045481,0.543046
Benin,2017,4.853181,?,?,7.632503,0.435879,51.79475,0.726808,-0.040269,0.767235
Bolivia,2017,5.650553,?,?,8.832608,0.778662,60.343796,0.883905,-0.115988,0.819262
'Bosnia and Herzegovina',2017,5.089902,?,?,9.371713,0.775295,67.994484,0.563799,0.089589,0.923343
Botswana,2017,3.504881,?,?,9.683659,0.768259,58.013214,0.817308,-0.258249,0.731441
Brazil,2017,6.332929,?,?,9.547693,0.904694,65.453735,0.764793,-0.187265,0.794457
Bulgaria,2017,5.096902,?,?,9.822962,0.941755,66.415489,0.689047,-0.160039,0.9108
'Burkina Faso',2017,4.646891,?,?,7.434531,0.784761,52.399475,0.613775,-0.051287,0.727451
Cambodia,2017,4.585842,?,?,8.20258,0.765095,58.630875,0.963775,0.086719,0.821023
Cameroon,2017,5.074051,?,?,8.1284,0.694596,50.140224,0.766945,-0.031056,0.843586
'Central African Republic',2017,3.475862,?,?,?,0.319589,44.645351,0.645252,?,0.889566
Chad,2017,4.558937,?,?,7.490785,0.660616,45.984062,0.61485,-0.002929,0.79239
Chile,2017,6.320119,?,?,10.037579,0.879841,69.60894,0.790116,-0.035265,0.835988
China,2017,5.099061,?,?,9.635467,0.772033,69.302795,0.877618,-0.194635,?
Colombia,2017,6.157342,?,?,9.490861,0.90925,64.13578,0.837555,-0.165878,0.875018
'Congo (Brazzaville)',2017,4.883991,?,?,8.559968,0.655441,55.289459,0.777783,-0.168749,0.762783
'Congo (Kinshasa)',2017,4.311033,?,?,6.625341,0.669688,50.788219,0.70424,0.095793,0.809182
'Costa Rica',2017,7.225182,?,?,9.670634,0.921697,69.867302,0.935618,-0.078269,0.742351
Croatia,2017,5.343166,?,?,10.014189,0.77031,67.015511,0.715822,-0.109417,0.89156
Cyprus,2017,6.062051,?,?,10.361367,0.818671,72.762794,0.811671,0.036287,0.851206
'Czech Republic',2017,6.789568,?,?,10.393459,0.900969,71.451027,0.831785,-0.18459,0.866525
Denmark,2017,7.593702,?,?,10.748989,0.9521,71.662498,0.955416,0.145387,0.181148
'Dominican Republic',2017,5.605203,?,?,9.594574,0.894368,63.495995,0.855359,-0.127092,0.76049
Ecuador,2017,5.839519,?,?,9.223261,0.848942,67.342064,0.879128,-0.169955,0.733589
Egypt,2017,3.929344,?,?,9.260223,0.638226,61.573791,0.592505,-0.161945,?
'El Salvador',2017,6.339318,?,?,9.001177,0.828953,64.311371,0.757827,-0.180291,0.777749
Estonia,2017,5.938396,?,?,10.285845,0.935686,67.284386,0.861749,-0.109588,0.668402
Ethiopia,2017,4.180315,?,?,7.439282,0.73354,56.728268,0.717101,0.011871,0.756899
Finland,2017,7.788252,?,?,10.612338,0.963826,71.69696,0.962199,-0.012174,0.192413
France,2017,6.635222,?,?,10.560774,0.931495,72.588936,0.83389,-0.133585,0.601486
Gabon,2017,4.782383,?,?,9.715631,0.806941,57.126167,0.65236,-0.250832,0.868306
Georgia,2017,4.450775,?,?,9.169098,0.590495,64.34745,0.820909,-0.231423,0.589632
Germany,2017,7.074325,?,?,10.711184,0.892166,71.079102,0.840728,0.135308,0.414021
Ghana,2017,5.481311,?,?,8.326971,0.669111,54.86589,0.783046,0.08499,0.83861
Greece,2017,5.148242,?,?,10.117517,0.7529,71.780342,0.4383,-0.296735,0.872239
Guatemala,2017,6.325119,?,?,8.918908,0.826492,63.381977,0.914522,-0.061729,0.799748
Guinea,2017,4.873723,?,?,7.527477,0.634026,51.151817,0.738213,0.054308,0.750026
Haiti,2017,3.823866,?,?,7.403176,0.646985,53.347008,0.484429,0.38451,0.647192
Honduras,2017,6.019986,?,?,8.40438,0.843355,63.75267,0.898377,0.080074,0.783429
'Hong Kong S.A.R. of China',2017,5.362475,?,?,10.917167,0.831066,76.536362,0.830657,0.122935,0.41581
Hungary,2017,6.065039,?,?,10.193238,0.876748,67.193367,0.661166,-0.150793,0.886361
Iceland,2017,7.476214,?,?,10.760409,0.966753,72.755981,0.938783,0.235479,0.726845
India,2017,4.046111,?,?,8.768456,0.606767,59.502628,0.88585,-0.054503,0.780803
Indonesia,2017,5.098402,?,?,9.322167,0.795589,60.584415,0.865026,0.472974,0.900416
Iran,2017,4.716783,?,?,9.853449,0.714233,65.964554,0.730635,0.182735,0.714941
Iraq,2017,4.462399,?,?,9.62272,0.695109,61.045845,0.627722,-0.038429,0.757109
Ireland,2017,7.060155,?,?,11.066487,0.943482,71.709785,0.905341,0.206802,0.337085
Israel,2017,7.331036,?,?,10.406132,0.916441,71.865082,0.768076,0.137159,0.792652
Italy,2017,6.19887,?,?,10.472474,0.919791,74.134796,0.632843,-0.043381,0.866668
'Ivory Coast',2017,5.037735,?,?,8.180943,0.661375,46.989941,0.732098,-0.095354,0.77094
Jamaica,2017,5.889759,?,?,9.025865,0.91303,65.818794,0.860676,-0.130833,0.882796
Japan,2017,5.910676,?,?,10.568169,0.881961,75.317291,0.849397,-0.223297,0.659199
Jordan,2017,4.808083,?,?,9.025333,0.814665,64.417877,0.766262,-0.151523,?
Kazakhstan,2017,5.882351,?,?,10.071871,0.914093,64.199997,0.745244,-0.049178,0.755251
Kenya,2017,4.475654,?,?,8.010255,0.714604,58.689838,0.853394,0.250179,0.854
Kosovo,2017,6.1492,?,?,?,0.792087,62.392479,0.857677,?,0.925192
Kuwait,2017,6.093905,?,?,11.111793,0.853491,65.37896,0.884182,-0.048504,?
Kyrgyzstan,2017,5.629537,?,?,8.112041,0.882587,62.899647,0.85939,0.166667,0.874494
Laos,2017,4.623141,?,?,8.708568,0.707336,57.869576,0.891001,0.076483,0.591617
Latvia,2017,5.977818,?,?,10.133033,0.895099,65.109261,0.69952,-0.163831,0.798378
Lebanon,2017,5.15399,?,?,9.491579,0.776583,68.863892,0.604554,-0.075028,0.910727
Liberia,2017,4.424491,?,?,6.629414,0.684867,52.78685,0.73339,0.040577,0.866806
Libya,2017,5.646852,?,?,?,0.822759,61.484707,0.778696,?,0.673066
Lithuania,2017,6.272941,?,?,10.282658,0.926317,67.041695,0.749307,-0.182277,?
Luxembourg,2017,7.061381,?,?,11.465231,0.905436,72.201309,0.902822,0.029771,0.330174
Macedonia,2017,5.233867,?,?,9.503636,0.799955,65.875778,0.752107,-0.062728,0.855697
Madagascar,2017,4.07862,?,?,7.249253,0.626332,56.994484,0.570348,-0.025508,0.847261
Malawi,2017,3.416863,?,?,7.002703,0.555423,54.234642,0.847921,0.02156,0.734637
Mali,2017,4.74185,?,?,7.608559,0.741359,49.178699,0.753213,-0.064547,0.862655
Malta,2017,6.675666,?,?,10.5027,0.937332,71.829514,0.923643,0.241762,0.690495
Mauritania,2017,4.67816,?,?,8.187708,0.779225,53.335339,0.527447,-0.134766,0.777314
Mauritius,2017,6.174118,?,?,9.914655,0.910142,65.589157,0.912308,0.073929,0.81818
Mexico,2017,6.410299,?,?,9.741969,0.799839,68.098228,0.861405,-0.206639,0.800893
Moldova,2017,5.325531,?,?,8.545789,0.830768,63.701244,0.552825,-0.003179,0.926334
Mongolia,2017,5.33385,?,?,9.318548,0.924251,62.312611,0.674627,0.106451,0.864952
Montenegro,2017,5.614799,?,?,9.694497,0.8812,67.142189,0.625906,-0.084891,0.75568
Morocco,2017,5.312483,?,?,8.915044,0.641193,65.33886,0.814258,-0.227919,0.840502
Mozambique,2017,4.279863,?,?,7.046577,0.678464,49.957745,0.822671,-0.021503,0.682109
Myanmar,2017,4.154342,?,?,8.634504,0.795184,57.64122,0.886012,0.628706,0.618822
Namibia,2017,4.441306,?,?,9.203362,0.828339,55.495426,0.810402,-0.201766,0.831303
Nepal,2017,4.736692,?,?,7.801309,0.816383,61.265957,0.845148,0.146511,0.770177
Netherlands,2017,7.458965,?,?,10.791814,0.936501,71.619995,0.92032,0.23744,0.363134
'New Zealand',2017,7.327183,?,?,10.475762,0.954921,71.614304,0.942279,0.285057,0.221887
Nicaragua,2017,6.476357,?,?,8.575318,0.838044,66.251785,0.922163,0.010327,0.672963
Niger,2017,4.615674,?,?,6.831232,0.58211,51.325943,0.683558,-0.012236,0.77766
Nigeria,2017,5.321928,?,?,8.585621,0.733469,45.873157,0.825906,0.113301,0.834892
Norway,2017,7.578745,?,?,11.081789,0.950128,71.086586,0.953017,0.210104,0.249711
Pakistan,2017,5.830871,?,?,8.519007,0.690264,57.462997,0.712657,0.030328,0.713928
'Palestinian Territories',2017,4.628133,?,?,?,0.824345,63.072498,0.631611,?,0.830646
Panama,2017,6.567659,?,?,10.002714,0.911905,68.04541,0.899574,-0.16408,0.840777
Peru,2017,5.710937,?,?,9.413349,0.830123,65.407242,0.826552,-0.166747,0.895384
Philippines,2017,5.59427,?,?,8.938968,0.851029,60.251492,0.925703,-0.147852,0.711166
Poland,2017,6.201268,?,?,10.21114,0.881854,69.096802,0.830843,-0.133134,?
Portugal,2017,5.711499,?,?,10.236709,0.899985,72.158745,0.905066,-0.182598,0.880971
Romania,2017,6.089905,?,?,10.028892,0.81124,66.857086,0.838587,-0.164421,0.925658
Russia,2017,5.578743,?,?,10.103683,0.896151,62.978783,0.730874,-0.158568,0.86159
'Saudi Arabia',2017,6.294282,?,?,10.811988,0.840086,64.08374,0.814142,-0.156905,?
Senegal,2017,4.683025,?,?,7.811985,0.743759,57.980877,0.686937,-0.029066,0.825242
Serbia,2017,5.122031,?,?,9.561538,0.88377,65.684875,0.684846,-0.081416,0.851458
'Sierra Leone',2017,4.089562,?,?,7.253018,0.652287,44.386528,0.710614,0.089226,0.848398
Singapore,2017,6.378438,?,?,11.31705,0.89735,75.812401,0.926128,0.120412,0.161791
Slovakia,2017,6.365509,?,?,10.313942,0.913387,68.773911,0.714225,-0.072077,0.920423
Slovenia,2017,6.166838,?,?,10.353517,0.928188,70.943291,0.920863,-0.033475,0.828795
'South Africa',2017,4.513655,?,?,9.405203,0.870313,55.229309,0.787428,-0.139256,0.864782
'South Korea',2017,5.873887,?,?,10.489735,0.80693,74.041695,0.538114,0.003355,0.85069
'South Sudan',2017,2.816622,?,?,?,0.556823,50.020172,0.456011,?,0.76127
Spain,2017,6.230173,?,?,10.445223,0.903158,74.498215,0.755561,-0.042156,0.791269
'Sri Lanka',2017,4.330945,?,?,9.377954,0.822771,65.292534,0.827077,0.084577,0.84421
Sweden,2017,7.286805,?,?,10.770406,0.914017,73.006546,0.934582,0.155487,0.239367
Switzerland,2017,7.473593,?,?,10.955548,0.949661,73.173759,0.924997,0.167875,0.316183
'Taiwan Province of China',2017,6.359451,?,?,?,0.891119,71.209999,0.759655,?,0.74278
Tajikistan,2017,5.829234,?,?,7.95659,0.662693,62.971249,0.832002,0.124936,0.718337
Tanzania,2017,3.347121,?,?,7.896314,0.70501,56.665485,0.800496,0.106599,0.653606
Thailand,2017,5.938895,?,?,9.688437,0.877269,66.418793,0.922897,0.202452,0.883817
Togo,2017,4.360805,?,?,7.25167,0.507805,52.257275,0.716694,-0.037704,0.72552
'Trinidad and Tobago',2017,6.19186,?,?,10.323865,0.916029,61.738312,0.85914,-0.014604,0.911336
Tunisia,2017,4.124343,?,?,9.294289,0.717382,65.880562,0.477957,-0.233531,0.868827
Turkey,2017,5.607262,?,?,10.119373,0.876468,65.794731,0.644434,-0.246927,0.670911
Turkmenistan,2017,5.229149,?,?,9.702641,0.908455,60.392693,0.720399,0.040338,?
Uganda,2017,4.000517,?,?,7.442951,0.739956,51.763477,0.772344,0.07172,0.81577
Ukraine,2017,4.311067,?,?,8.967859,0.858325,63.173351,0.598876,0.016125,0.936764
'United Arab Emirates',2017,7.03942,?,?,11.121808,0.835527,68.581551,0.962017,0.191113,?
'United Kingdom',2017,7.103273,?,?,10.584576,0.937495,72.056129,0.812733,0.281046,0.418611
'United States',2017,6.991759,?,?,10.899869,0.921003,69.77092,0.868497,0.181657,0.681191
Uruguay,2017,6.33601,?,?,9.917771,0.913802,68.380363,0.897852,-0.104762,0.626582
Uzbekistan,2017,6.421448,?,?,8.762778,0.942131,63.16618,0.985178,0.114029,0.464642
Vietnam,2017,5.175279,?,?,8.742655,?,66.245766,?,?,?
Yemen,2017,3.25356,?,?,?,0.789555,54.981033,0.595191,?,?
Zambia,2017,3.932777,?,?,8.21167,0.743754,53.803783,0.823169,0.129822,0.739541
Zimbabwe,2017,3.6383,?,?,7.538187,0.754147,52.674484,0.752826,-0.066005,0.751208
